Date,Location,Site,Transect,Achilles tang,Agile chromis,Amber jack,Ambon toby,Arc-eye hawk fish,Barred filefish,Belted wrasse,Big eye emperor or Mu,Bird nose wrasse,Black kole or black surgeonfish,black spot surgeon/ Thompson's surgeonfish,Blackfin chromis,Blackspot sergeant,Blacktailed snapper,Blue eyed damsel,Blue goatfish,Bluefin trevally,Blueline surgeonfish,Bluelined butterfly,Bluelined snapper,Bluespine unicornfish,Box fish,Bridled triggerfish,Bullethead parrotfish,Chocolate dip chromis,Chub or Rudderfish,Convict tang,Cornetfish,Crown toby,Doublebar goatfish,eagle ray,Eightline wrasse,Elegant wrasse,Eyestripe surgeon,Fantailed filefish,Flame angel,Flame wrasse,Forcep butterfly,forktail snapper,Forsteri hawkfish,four spot butterfly,Goldline squirrelfish,Goldrim surgeonfish,Gray Chub,Grey Snapper,Hawaiian cleaner wrasse,Hawaiian dascyllus,Hawaiian hogfish,Hawaiian sergeant major,Kole tang,Kuntee Squirrelfish,Lavender/brown tang,Lei trigger,Lined butterfly,Lizardfish,Manybar goatfish,Milletseed butterflyfish,Moorish Idol,Multiband butterfly,Niger trigger,Orangeshoulder tang,Orangespine unicornfish,Ornate butterfly fish,Ornate wrasse,Oval butterfly,oval damesel,Pacific gregory,Palenose parrofish,Picasso or lagoon trigger,Pinktail trigger,Porcupinefish,Potter's Angel,pyramid butterfly,Raccoon butterflyfish,Rainbow Runner,Rectangle or reef trigger ,Red goat (yellow fin goatfish),Redlip parrotfish,Regal parrotfish,Reticulated butterflyfish,Ringtail surgeonfish,Ringtail wrasse,Rockmover wrasse,Roi or Peacock grouper,round scad,Saddle wrasse,saddleback butterfly,Sailfin tang,Scrawled filefish,Shortnose wrasse,Sidespot goatfish,Sleek unicorn fish,Soldier fish,Spectacled parrotfish,Spiny balloonfish,Spot fin squirrelfish,Spotted moray,Spotted puffer,Squirrelfish,star eyed parrotfish,Surge wrasse,Teardrop butterfly,Thompson's Butterflyfish,Threadfin butterflyfish,Three spot chromis,tilefish,Trumpetfish,Vanishing wrasse,white freckled surgeonfish,White tipped reef shark,Whitebar surgeonfish,Whitemouth moray,whitespot puffer,Whitespotted toby,Yellow tang,yellowfin goatfish,yellowfin surgeon,Yellowstripe goatfish,Yellowtail coris,Yellowtail Filefish
2009,Captan Cook,8,T1,,,,,,,,,,,,,,,,,,,,,,,,,,,,,,,,,,,,,,,,,,,,,,,,,,,,,,,,,,,,,,,,,,,,,,,,,,,,,,,,,,,,,,,,,,,,,,,,,,,,,,,,,,,,,,,,,,,,,,,,
2009,Mahukona,6,T1,,,,,,,,,,,,,,,,,,,,,,,,,,,,,,,,,,,,,,,,,,,,,,,,,,,,,,,,,,,,,,,,,,,,,,,,,,,,,,,,,,,,,,,,,,,,,,,,,,,,,,,,,,,,,,,,,,,,,,,,
2009,Mahukona,7,T1,,,,,,,,,,,,,,,,,,,,,,,,,,,,,,,,,,,,,,,,,,,,,,,,,,,,,,,,,,,,,,,,,,,,,,,,,,,,,,,,,,,,,,,,,,,,,,,,,,,,,,,,,,,,,,,,,,,,,,,,
2009,Old Kona,3,T1,0,0,0,0,0,0,0,0,12,0,0,189,0,0,0,1,0,0,0,0,0,0,0,3,0,0,0,0,0,0,0,0,0,0,0,0,0,5,0,0,1,0,0,0,0,0,0,0,0,18,0,66,1,0,0,0,0,4,3,1,11,2,3,1,0,0,0,2,0,1,0,0,0,1,0,0,0,0,0,0,0,0,0,0,0,9,0,0,0,0,0,0,0,0,0,0,0,0,0,0,0,0,0,3,0,0,0,0,0,0,3,0,0,1,56,0,0,0,0,0
2009,Old Kona,4,T1,14,0,0,0,0,0,0,0,1,0,0,215,0,0,0,0,1,0,0,0,0,2,0,0,0,0,0,0,0,0,0,0,0,0,0,0,0,1,0,0,0,0,0,0,0,1,0,0,0,9,0,62,0,0,0,0,0,10,0,3,9,11,1,0,0,0,1,0,0,3,0,0,0,1,0,0,0,0,0,0,0,0,0,0,0,13,0,0,0,0,0,0,0,0,0,0,0,0,0,0,0,0,0,0,0,0,0,0,0,0,245,0,0,0,74,0,0,0,0,0
2009,Puako,1,T1,0,0,0,0,0,0,0,0,2,0,0,20,0,0,0,0,0,0,0,0,0,0,0,0,0,0,0,0,0,0,0,0,0,0,0,0,0,1,0,0,0,0,0,0,0,0,0,0,0,11,0,0,0,0,0,1,0,2,0,0,0,2,2,0,0,0,0,11,0,5,0,0,0,2,0,0,0,0,0,0,0,0,0,0,0,1,0,0,0,0,0,0,0,0,0,0,0,0,0,0,0,0,0,2,0,0,0,0,0,0,0,0,0,0,57,0,0,0,0,0
2009,Puako,2,T1,0,0,0,0,0,0,0,0,6,0,0,0,0,0,0,0,0,0,0,0,0,0,0,0,1,0,0,0,0,3,0,0,0,0,0,0,0,5,0,0,1,0,0,0,0,0,0,0,0,27,0,0,1,0,0,0,0,0,0,1,7,0,4,0,0,0,4,40,0,5,1,0,0,0,0,0,0,0,0,0,0,0,0,1,0,1,0,0,0,0,0,0,0,0,0,0,0,1,0,0,0,0,0,2,0,0,0,0,0,0,25,0,0,0,95,0,0,1,2,0
2009,Puako,5,T1,0,0,0,0,0,0,0,0,0,0,0,0,0,0,0,0,0,0,0,0,3,0,0,0,0,0,3,0,0,0,0,0,0,0,0,0,0,3,0,0,0,0,1,0,0,0,0,0,3,7,0,5,2,0,0,0,0,0,0,1,4,3,1,0,0,0,0,0,0,3,0,0,0,0,0,0,0,0,0,0,0,0,0,0,0,0,0,0,0,0,0,0,0,0,0,0,0,0,0,0,0,0,0,3,0,0,1,0,0,0,25,0,0,0,13,0,0,40,0,0
2010,Captan Cook,8,T1,,,,,,,,,,,,,,,,,,,,,,,,,,,,,,,,,,,,,,,,,,,,,,,,,,,,,,,,,,,,,,,,,,,,,,,,,,,,,,,,,,,,,,,,,,,,,,,,,,,,,,,,,,,,,,,,,,,,,,,,
2010,Mahukona,6,T1,0,0,0,0,0,0,0,1,0,0,0,50,0,0,0,0,0,0,0,0,0,0,0,1,6,0,0,0,0,0,0,0,0,0,0,0,0,1,0,0,0,0,0,0,0,0,0,0,0,27,0,15,1,0,0,6,0,1,2,0,2,2,3,0,1,0,1,0,0,0,0,0,0,0,0,0,0,0,0,0,0,0,0,0,0,2,0,0,0,0,0,0,0,0,0,0,0,0,0,0,0,1,0,0,0,0,0,0,0,0,0,0,0,0,15,0,0,0,0,0
2010,Mahukona,7,T1,0,0,0,0,0,0,0,0,0,0,0,50,0,0,0,0,0,0,0,0,1,0,0,0,0,0,0,0,0,0,0,0,1,0,0,0,0,0,0,0,0,0,0,0,0,0,0,0,0,5,0,15,2,0,0,4,0,0,1,0,1,0,0,1,2,0,1,0,0,0,0,0,0,0,0,0,0,0,0,0,0,0,0,0,0,4,0,0,0,0,0,0,0,0,0,0,0,0,0,0,0,0,0,0,0,0,0,0,0,0,0,0,0,0,8,0,0,6,0,0
2010,Old Kona,3,T1,0,0,0,0,1,0,0,0,6,0,0,467,0,0,0,0,0,0,0,0,0,0,0,1,0,0,0,0,0,3,0,0,0,0,0,0,0,1,0,0,1,0,0,0,0,0,0,0,0,31,0,63,0,1,0,2,1,2,3,4,4,3,2,0,0,0,1,24,1,1,0,0,0,1,0,0,0,0,1,0,0,1,0,1,0,0,0,0,0,0,0,0,0,0,0,0,0,0,0,0,7,0,0,1,0,0,0,0,0,0,2,0,0,0,58,0,0,0,0,0
2010,Old Kona,4,T1,0,0,0,0,0,0,0,0,4,0,0,500,0,0,0,0,0,0,0,0,0,0,0,1,0,0,1,0,0,0,0,0,0,0,0,0,0,0,0,0,0,0,0,0,0,0,0,0,0,18,0,26,0,0,0,1,0,4,2,7,0,4,1,1,0,0,0,17,0,2,0,0,0,0,0,0,0,0,0,0,0,0,0,1,0,0,0,0,0,0,0,0,0,0,0,0,0,0,0,0,4,0,0,0,0,0,0,0,0,1,49,0,0,0,67,0,0,0,0,0
2010,Puako,1,T1,0,0,0,0,0,0,0,0,0,0,0,0,0,0,0,0,0,0,0,1,0,0,0,3,2,0,4,0,0,0,0,0,0,0,0,0,0,3,0,0,0,0,0,0,0,0,0,0,3,26,0,9,1,0,0,2,0,0,5,6,2,1,0,0,0,0,2,0,0,7,0,0,0,0,0,0,0,0,0,0,0,0,0,0,0,0,0,0,0,0,0,0,0,0,0,0,0,0,0,0,0,0,0,0,0,0,0,0,0,0,3,0,0,0,34,0,0,0,1,0
2010,Puako,2,T1,0,0,0,0,0,0,2,0,3,1,0,0,0,0,0,0,0,0,0,0,0,0,0,4,2,0,0,0,0,0,0,0,0,0,0,0,0,3,0,0,1,0,0,0,0,0,0,0,1,36,0,1,3,1,0,3,0,2,2,42,3,0,0,0,0,0,7,0,0,6,0,0,0,0,0,0,0,0,0,0,0,0,0,0,0,3,0,0,0,0,0,0,0,1,0,0,0,0,0,0,0,0,0,0,0,0,0,0,0,0,0,0,0,0,54,0,0,0,0,0
2010,Puako,5,T1,0,0,0,0,0,2,0,0,4,3,0,0,0,0,0,0,0,0,0,0,0,0,0,0,0,0,0,0,1,0,0,0,0,0,0,0,0,13,0,0,0,0,4,0,0,0,0,0,0,11,0,10,5,0,0,5,0,0,0,0,3,2,2,0,0,0,0,8,0,2,0,0,0,0,0,0,0,3,0,0,0,2,0,0,0,5,0,0,0,0,2,1,0,0,0,0,0,0,0,0,0,0,0,0,0,0,0,0,0,0,2,0,0,0,27,25,0,0,3,0
2011,Captan Cook,8,T1,,,,,,,,,,,,,,,,,,,,,,,,,,,,,,,,,,,,,,,,,,,,,,,,,,,,,,,,,,,,,,,,,,,,,,,,,,,,,,,,,,,,,,,,,,,,,,,,,,,,,,,,,,,,,,,,,,,,,,,,
2011,Mahukona,6,T1,0,0,0,0,0,1,0,0,1,0,0,0,0,0,0,0,0,0,0,0,0,0,0,0,8,0,0,0,0,0,0,0,0,0,0,0,0,1,0,1,0,0,0,0,0,0,0,0,2,13,0,22,1,0,0,3,0,1,0,1,0,1,0,0,2,1,0,0,0,1,0,0,0,0,0,0,0,0,0,0,0,0,0,0,0,1,0,0,0,0,1,0,0,0,0,0,0,0,0,0,0,0,0,0,0,0,0,0,0,0,0,0,0,0,10,0,0,1,0,0
2011,Mahukona,7,T1,0,0,0,0,1,0,0,0,0,0,0,0,0,0,0,0,0,0,0,0,0,0,0,0,0,0,0,0,0,0,0,0,0,0,0,0,0,2,0,0,0,0,0,0,0,0,0,0,0,12,0,10,3,0,0,2,0,0,2,0,1,0,3,0,0,0,0,0,0,0,0,0,0,0,0,0,0,0,0,0,0,0,0,0,0,4,0,0,0,0,3,0,0,0,0,0,0,0,0,0,0,0,0,0,0,0,0,0,0,0,0,0,0,0,10,0,0,1,0,0
2011,Old Kona,3,T1,0,0,0,0,0,0,0,0,5,1,0,312,0,0,0,0,0,0,0,0,0,0,0,7,0,0,0,0,0,1,0,0,1,0,0,0,0,0,0,0,0,0,0,0,0,0,0,0,0,22,0,54,2,0,0,5,0,0,2,4,5,13,3,0,0,0,2,5,0,0,0,0,0,0,0,0,0,1,1,0,0,1,0,0,0,4,0,2,0,0,0,0,0,0,0,0,0,0,0,0,0,0,0,4,0,0,0,0,0,0,3,0,0,0,58,0,0,0,0,0
2011,Old Kona,4,T1,3,0,0,1,0,0,0,0,6,0,0,290,0,0,0,0,0,0,0,0,0,0,0,6,0,0,9,0,0,0,0,0,0,1,0,0,0,1,0,0,0,0,0,0,0,2,0,0,7,49,0,75,1,0,0,2,0,5,0,3,7,5,0,0,0,0,1,4,0,4,0,0,0,2,0,0,0,1,4,0,0,0,0,0,0,15,0,0,0,0,0,0,0,0,0,0,0,0,0,0,0,1,0,3,0,0,0,0,40,0,59,0,0,1,73,0,0,0,0,0
2011,Puako,1,T1,0,0,0,0,0,1,0,0,1,0,0,0,0,0,0,0,0,0,0,0,0,0,0,6,30,0,2,0,0,0,0,0,0,0,0,0,0,3,0,0,0,0,0,0,0,0,0,0,1,34,0,7,2,0,0,0,0,0,2,8,0,0,0,0,2,0,1,0,0,6,0,0,0,0,0,0,0,0,0,0,0,1,0,0,0,4,0,0,0,0,0,0,0,0,0,0,0,0,0,0,0,0,0,0,0,0,0,0,0,0,0,0,0,0,36,0,0,1,1,0
2011,Puako,2,T1,0,0,0,0,2,0,0,0,1,0,0,0,0,0,0,0,0,0,0,0,0,0,0,13,2,0,0,0,0,0,0,0,0,0,0,0,0,4,0,0,0,0,0,0,0,0,0,0,20,64,0,2,3,0,0,4,0,1,4,3,9,2,0,0,0,0,2,6,0,2,1,0,0,0,0,0,0,2,1,0,0,1,0,2,0,1,0,0,0,0,0,0,0,0,0,0,0,0,0,0,0,0,0,0,0,0,0,0,0,0,0,0,0,0,65,0,0,0,1,0
2011,Puako,5,T1,0,0,0,0,1,0,0,0,1,0,0,0,0,0,0,0,0,0,0,0,0,0,0,0,0,0,0,0,0,1,0,0,0,0,0,0,0,0,0,0,0,0,12,0,0,0,0,0,0,0,0,27,7,0,0,3,0,3,0,0,8,2,0,0,0,0,0,1,0,0,0,0,0,0,0,0,0,0,0,0,0,0,0,0,0,0,0,1,0,0,0,0,0,0,0,0,0,0,0,0,0,0,0,2,0,0,0,0,0,0,2,0,0,0,21,0,0,23,2,0
2012,Captan Cook,8,T1,,,,,,,,,,,,,,,,,,,,,,,,,,,,,,,,,,,,,,,,,,,,,,,,,,,,,,,,,,,,,,,,,,,,,,,,,,,,,,,,,,,,,,,,,,,,,,,,,,,,,,,,,,,,,,,,,,,,,,,,
2012,Mahukona,6,T1,0,2,0,0,0,0,0,0,0,0,0,30,0,0,0,0,0,0,0,0,0,0,1,0,15,0,0,0,0,0,0,0,0,0,0,0,0,0,0,0,0,0,0,0,0,0,0,0,1,10,0,12,0,0,0,6,0,0,5,0,0,1,1,0,0,0,0,0,0,0,0,0,0,0,0,0,0,0,0,0,0,1,0,0,10,3,0,0,0,0,2,0,0,0,0,0,0,0,0,0,0,0,0,0,0,0,0,0,0,0,1,0,0,0,10,0,0,0,0,0
2012,Mahukona,7,T1,0,0,1,0,1,0,0,0,1,0,0,85,0,0,0,0,0,0,0,0,1,0,4,0,0,0,0,0,0,0,0,0,0,0,0,0,0,1,0,0,0,0,0,0,0,0,0,0,0,24,0,15,3,0,0,2,0,0,2,0,1,0,0,0,0,0,0,0,0,1,0,0,0,2,0,0,0,0,0,0,0,1,0,0,0,3,0,0,0,0,0,0,0,0,0,0,0,0,0,0,4,0,0,0,0,0,0,0,0,0,8,0,0,0,8,0,0,1,0,0
2012,Old Kona,3,T1,0,0,9,0,0,0,0,0,3,0,0,175,0,0,0,0,0,0,0,0,0,0,0,4,0,0,0,0,0,1,0,0,0,0,0,0,0,5,0,0,0,0,0,0,0,0,0,0,14,45,0,60,0,0,0,3,0,2,2,7,5,5,4,0,0,0,3,0,0,1,0,0,0,2,0,0,0,0,0,0,0,0,0,3,0,3,0,0,0,0,0,0,0,0,0,0,0,0,0,0,10,0,0,0,0,0,0,0,0,0,4,0,0,0,81,0,0,0,1,0
2012,Old Kona,4,T1,1,0,7,0,0,0,0,0,7,0,0,150,0,0,0,1,0,0,0,0,3,0,0,11,0,1,1,0,0,0,0,0,0,5,0,0,0,10,0,0,0,0,0,0,0,0,0,0,5,31,0,63,0,0,0,5,0,8,0,7,1,5,3,0,0,0,0,0,0,5,0,0,0,0,0,0,0,0,0,0,0,0,0,1,0,5,0,2,0,0,0,0,0,0,0,0,0,0,0,0,8,0,0,1,0,0,0,0,0,0,87,0,0,0,156,0,0,0,1,0
2012,Puako,1,T1,0,0,29,0,0,1,0,0,6,1,0,0,0,0,0,0,0,0,1,0,0,0,1,6,2,0,0,0,0,1,0,0,0,0,0,0,0,3,0,0,1,0,0,0,0,0,0,0,10,18,0,54,0,0,0,1,0,0,3,6,0,0,1,0,2,0,13,0,0,4,0,0,0,0,0,0,0,0,0,0,0,1,0,0,0,6,0,3,0,0,0,0,0,3,0,0,0,0,0,0,6,0,0,0,0,0,1,0,0,0,0,0,0,0,84,0,0,0,5,0
2012,Puako,2,T1,0,7,0,0,2,0,0,0,7,0,0,0,0,0,0,2,0,0,0,0,0,0,2,14,6,0,2,0,0,0,0,0,0,0,0,0,0,4,0,1,0,0,0,0,0,0,0,0,23,29,0,2,1,0,0,2,0,0,5,0,0,5,1,2,0,0,0,0,0,1,0,0,0,0,0,0,0,0,0,0,1,0,0,0,0,3,0,0,0,0,0,0,0,0,0,0,0,0,0,0,9,0,0,0,0,0,0,0,0,0,0,0,0,0,57,0,0,0,0,0
2012,Puako,5,T1,0,0,1,0,0,1,0,0,2,0,0,0,0,0,0,2,0,0,0,0,1,0,0,0,0,0,0,0,0,2,0,0,0,0,0,0,0,1,0,0,0,0,0,0,0,0,0,0,0,14,0,4,1,0,0,2,0,1,0,0,7,9,0,0,0,0,0,0,0,3,0,0,0,0,0,0,0,0,0,0,0,0,0,1,0,5,0,0,0,0,1,0,0,1,0,0,0,0,0,0,3,0,0,1,0,0,0,0,0,0,0,0,0,0,17,0,0,0,1,0
2013,Captan Cook,8,T1,,,,,,,,,,,,,,,,,,,,,,,,,,,,,,,,,,,,,,,,,,,,,,,,,,,,,,,,,,,,,,,,,,,,,,,,,,,,,,,,,,,,,,,,,,,,,,,,,,,,,,,,,,,,,,,,,,,,,,,,
2013,Mahukona,6,T1,0,12,0,0,0,0,0,0,0,0,0,0,0,0,0,0,0,0,0,0,0,0,0,2,2,0,0,0,0,0,0,0,0,0,0,0,0,1,0,0,0,0,0,0,0,0,0,0,1,24,0,25,2,0,0,3,0,1,3,0,1,1,6,0,2,0,1,0,0,5,0,0,0,0,0,0,0,1,0,0,0,0,0,0,0,5,0,0,0,0,3,0,0,0,0,0,0,0,0,0,0,1,0,0,0,0,0,0,0,0,0,0,0,0,9,0,0,15,0,0
2013,Mahukona,7,T1,0,0,0,0,0,0,3,0,1,0,0,0,0,0,0,4,0,0,0,0,0,0,0,3,0,0,1,0,0,0,0,0,0,0,0,0,0,1,0,0,0,0,0,0,0,0,0,0,0,21,0,28,4,0,0,5,0,0,2,0,7,7,2,0,0,0,1,0,0,0,0,0,0,0,0,0,0,2,0,0,0,0,0,0,0,7,0,0,0,0,1,0,0,0,0,0,0,0,0,1,0,0,0,0,0,0,0,0,0,0,0,0,0,0,9,0,0,7,0,0
2013,Old Kona,3,T1,1,0,0,0,1,0,1,0,2,0,0,700,0,0,0,0,0,0,0,0,0,0,0,10,0,0,2,0,0,2,0,0,0,0,0,0,0,4,0,0,4,0,1,0,0,0,0,0,0,54,0,91,4,0,0,4,0,0,2,6,6,8,0,0,0,0,1,2,0,1,0,0,0,1,0,0,0,0,0,0,0,0,0,1,0,5,0,0,0,0,0,0,0,0,0,0,0,0,0,0,0,0,0,0,0,0,1,0,0,0,0,0,0,0,89,0,0,0,5,0
2013,Old Kona,4,T1,2,0,0,0,2,0,0,0,4,0,0,290,0,0,0,2,0,0,0,0,3,0,0,11,0,0,5,0,0,1,0,0,0,2,0,0,0,6,1,0,2,0,37,0,0,1,0,0,14,28,0,225,1,0,0,0,0,9,0,14,11,8,2,2,0,0,2,7,0,2,0,0,0,5,0,0,0,4,0,0,1,0,0,1,0,15,0,1,0,0,0,1,0,0,0,0,0,0,0,1,0,0,0,0,0,0,0,0,0,0,5,0,0,0,220,0,0,0,0,0
2013,Puako,1,T1,0,37,0,0,0,2,0,0,1,0,0,0,0,0,0,0,0,0,0,0,0,0,0,10,0,0,5,0,0,0,0,0,0,0,0,0,0,6,0,0,7,0,8,0,0,0,0,0,5,26,0,5,4,0,0,0,0,1,4,9,0,3,5,0,0,0,1,0,0,6,0,0,0,0,0,0,0,0,0,0,0,1,0,2,0,1,0,4,0,0,0,0,0,0,0,0,0,0,0,0,0,0,0,0,0,0,1,0,0,0,0,0,0,0,64,0,0,0,1,0
2013,Puako,2,T1,0,0,0,0,1,1,0,0,3,0,0,0,0,0,0,0,0,0,0,0,0,0,0,7,0,0,4,0,0,0,0,0,0,0,0,0,0,12,0,1,1,0,0,0,0,0,0,0,200,31,0,0,3,0,0,4,0,1,5,31,11,9,3,0,0,0,0,13,0,2,0,0,0,3,0,0,0,3,0,0,2,1,0,0,0,3,0,0,0,0,0,0,0,0,0,0,0,0,0,0,0,0,0,0,0,0,0,0,0,0,0,0,0,0,77,0,0,0,0,0
2013,Puako,5,T1,0,0,0,0,0,1,0,0,2,1,1,20,0,0,0,0,0,0,0,0,0,0,0,1,0,0,0,0,0,0,0,0,0,0,0,0,0,10,0,0,1,0,0,0,0,0,0,0,0,19,0,33,2,0,0,8,0,0,2,0,2,3,0,0,5,0,0,3,0,3,0,0,0,0,0,0,0,0,0,0,0,1,1,0,0,1,0,0,0,0,0,0,0,0,0,0,0,0,0,0,0,0,0,0,0,0,0,0,0,0,0,0,0,0,35,0,0,23,3,0
2014,Captan Cook,8,T1,0,28,0,0,4,1,0,0,2,1,0,447,0,0,0,0,0,0,0,0,1,0,0,3,12,0,0,0,0,1,0,0,0,1,0,0,0,2,0,0,2,0,0,0,0,0,0,0,1,75,0,96,4,0,0,3,0,0,8,1,8,8,7,0,0,0,2,4,0,1,1,0,0,0,0,0,0,0,2,0,3,1,0,0,0,6,0,0,0,0,0,0,0,0,0,0,0,0,0,0,0,0,0,0,0,0,0,0,0,0,0,0,0,0,178,0,0,0,1,0
2014,Mahukona,6,T1,0,1,0,0,0,0,0,0,0,0,0,0,0,0,0,0,0,0,0,0,0,0,0,0,2,0,0,0,0,0,0,0,0,0,0,0,0,1,0,0,0,0,0,0,0,0,0,0,0,19,0,13,5,0,0,1,0,0,2,0,0,2,1,1,0,0,0,0,0,1,0,0,0,0,0,0,0,0,0,0,0,2,0,0,0,8,0,0,0,0,2,0,0,0,0,0,0,0,0,0,0,0,0,0,0,0,0,0,0,0,0,0,0,0,10,0,0,53,0,0
2014,Mahukona,7,T1,0,0,0,1,1,0,2,0,1,0,0,0,0,0,0,0,0,0,1,0,0,0,0,0,0,0,0,0,0,0,0,0,0,0,0,0,0,2,0,0,2,0,0,0,0,0,0,0,0,84,0,20,4,0,0,12,2,0,3,0,2,4,2,1,3,0,4,0,0,0,0,0,0,0,0,0,0,0,0,0,0,0,0,0,0,10,0,0,0,0,2,0,0,0,0,0,0,0,0,2,0,1,0,0,0,0,0,0,0,0,0,0,0,0,23,0,0,4,0,0
2014,Old Kona,3,T1,3,0,0,0,0,1,1,0,8,0,0,200,0,0,0,2,0,0,0,2,0,0,0,14,0,0,0,0,0,0,0,0,0,0,0,0,0,2,0,1,1,0,0,0,0,0,0,0,33,61,0,119,4,0,0,3,0,3,3,12,13,8,3,0,0,0,7,15,0,1,0,0,0,1,0,0,0,5,0,0,0,0,0,0,0,12,0,0,0,0,0,0,0,0,0,0,0,0,0,0,0,0,0,2,0,0,1,0,0,0,0,0,0,0,118,0,0,0,0,0
2014,Old Kona,4,T1,4,0,0,0,1,0,0,0,9,0,0,177,0,0,0,1,0,0,0,0,1,2,0,21,0,0,0,1,0,0,0,0,0,0,0,0,0,7,0,0,3,0,0,0,0,0,0,0,25,56,0,172,1,0,0,2,0,10,2,18,6,10,4,0,0,0,1,0,0,4,0,0,0,1,0,0,0,0,1,0,1,0,0,1,0,14,0,2,0,0,0,0,0,0,0,0,0,0,0,0,0,0,0,0,0,0,2,0,7,0,33,0,0,0,132,0,0,0,1,0
2014,Puako,1,T1,3,0,0,0,1,4,0,0,2,0,0,0,0,0,0,0,0,0,0,1,0,0,0,14,34,0,0,0,0,0,0,0,0,0,0,0,0,9,0,1,2,0,0,0,0,0,0,0,48,49,0,71,0,0,0,1,0,0,4,0,0,2,2,0,0,0,3,14,0,3,0,0,0,0,0,0,0,0,0,0,0,1,0,1,0,1,0,0,0,0,0,0,1,0,0,0,0,0,0,0,0,0,0,0,0,0,0,0,0,0,11,0,0,0,44,0,0,0,0,0
2014,Puako,2,T1,0,6,0,0,2,0,0,0,5,0,0,0,0,0,0,0,0,0,0,0,0,0,0,5,1,0,0,0,0,0,0,0,0,0,0,0,0,10,0,0,1,0,0,0,0,0,0,0,39,46,0,6,3,0,0,6,1,1,18,3,0,4,3,0,0,0,1,1,0,4,0,0,0,0,0,0,0,0,0,0,2,0,0,2,0,6,0,0,0,0,0,0,0,0,0,0,0,0,0,0,0,0,0,1,0,0,1,0,0,0,0,0,0,0,104,0,0,0,4,0
2014,Puako,5,T1,0,50,0,0,0,0,3,0,2,0,0,0,0,3,0,0,0,0,0,0,0,1,0,1,0,0,0,0,0,0,0,0,0,0,0,0,0,8,0,0,0,0,0,0,0,0,0,0,0,27,0,16,5,0,0,2,0,1,0,0,2,3,3,0,0,0,1,1,0,3,0,0,0,0,0,0,0,5,0,0,0,2,0,0,0,2,0,0,0,0,0,0,0,0,0,0,0,0,0,0,0,0,0,1,0,0,0,0,0,0,0,0,0,0,40,0,0,1,4,0
2015,Captan Cook,8,T1,,,,,,,,,,,,,,,,,,,,,,,,,,,,,,,,,,,,,,,,,,,,,,,,,,,,,,,,,,,,,,,,,,,,,,,,,,,,,,,,,,,,,,,,,,,,,,,,,,,,,,,,,,,,,,,,,,,,,,,,
2015,Mahukona,6,T1,,,,,,,,,,,,,,,,,,,,,,,,,,,,,,,,,,,,,,,,,,,,,,,,,,,,,,,,,,,,,,,,,,,,,,,,,,,,,,,,,,,,,,,,,,,,,,,,,,,,,,,,,,,,,,,,,,,,,,,,
2015,Mahukona,7,T1,,,,,,,,,,,,,,,,,,,,,,,,,,,,,,,,,,,,,,,,,,,,,,,,,,,,,,,,,,,,,,,,,,,,,,,,,,,,,,,,,,,,,,,,,,,,,,,,,,,,,,,,,,,,,,,,,,,,,,,,
2015,Old Kona,3,T1,5,0,0,0,0,2,0,0,4,0,0,105,0,0,0,0,0,0,0,1,0,0,0,8,0,0,0,0,0,0,0,0,0,0,0,0,0,0,0,0,1,0,2,0,0,0,0,0,24,73,0,84,7,0,0,3,0,2,4,12,5,8,2,1,0,0,1,1,0,2,0,0,0,0,0,0,0,6,0,0,0,0,0,0,0,10,0,0,0,0,0,0,0,0,0,0,0,0,0,0,0,0,0,0,0,0,0,0,0,0,5,0,0,0,162,0,0,0,1,0
2015,Old Kona,4,T1,0,0,0,0,2,0,2,0,7,0,0,90,0,0,0,1,1,0,0,0,0,0,0,6,0,0,0,0,0,2,0,0,0,14,0,0,0,3,0,0,0,0,0,0,0,0,0,0,30,101,0,125,3,0,0,1,0,8,6,39,4,7,3,1,0,0,0,4,0,6,0,0,0,1,0,0,0,2,0,0,0,0,0,0,0,4,0,5,0,0,0,0,0,0,0,0,0,0,0,0,0,0,0,0,0,0,0,0,11,0,79,0,0,0,202,0,0,0,3,0
2015,Puako,1,T1,0,1,0,0,2,0,0,0,4,4,0,0,0,0,0,0,0,0,0,0,0,0,0,1,7,0,0,0,0,0,0,0,0,0,0,0,0,20,1,0,0,0,0,0,0,0,0,0,7,28,0,16,3,0,0,1,0,6,0,1,0,4,1,0,0,0,8,0,0,6,0,0,0,0,0,0,0,0,0,0,1,2,0,0,0,8,0,0,0,0,0,0,8,0,0,0,0,0,0,0,0,0,0,0,0,0,1,0,0,0,1,0,0,0,49,0,0,0,2,0
2015,Puako,2,T1,0,17,0,0,0,0,1,0,1,0,0,0,0,0,0,0,0,0,0,0,0,0,0,7,3,0,0,0,0,0,0,0,0,0,0,0,0,5,0,0,1,0,0,0,0,1,0,0,16,35,0,4,5,0,0,1,0,0,4,80,1,2,1,2,0,0,1,1,0,2,0,0,0,0,0,0,0,0,0,0,0,0,0,0,0,2,0,0,0,0,0,0,0,0,0,0,0,0,0,0,0,0,0,1,0,0,0,0,0,0,0,0,0,0,53,0,0,0,1,0
2015,Puako,5,T1,0,3,0,0,0,0,0,0,3,1,0,0,0,0,0,0,0,0,0,0,0,0,0,1,1,0,0,0,0,0,0,0,0,0,0,0,0,8,0,0,0,0,0,0,0,0,0,0,0,6,0,8,2,0,0,1,0,2,1,0,52,6,2,0,0,0,0,0,0,1,0,0,0,0,0,0,0,0,0,0,0,0,0,0,0,1,0,0,0,0,0,0,0,0,0,0,0,0,0,0,0,0,0,0,0,0,0,0,0,0,0,0,0,0,53,0,0,0,4,0
2016,Captan Cook,8,T1,0,77,0,0,1,0,1,0,4,0,0,40,0,0,0,0,0,0,0,0,0,0,0,8,8,0,0,1,0,0,0,0,0,0,0,0,0,3,0,1,2,0,0,0,0,0,0,1,0,41,0,338,3,0,0,4,0,1,7,15,10,6,2,2,0,0,2,4,0,4,0,0,0,0,0,0,0,1,0,0,1,0,0,0,0,10,0,0,0,0,0,0,0,0,0,0,0,0,0,0,0,1,0,0,0,0,0,0,0,0,0,0,0,1,299,0,0,0,0,0
2016,Mahukona,6,T1,0,35,0,0,1,0,1,3,1,2,0,77,0,1,0,0,0,0,0,0,0,0,0,1,5,0,0,0,0,0,0,1,0,0,0,0,0,2,0,0,0,0,0,0,0,0,0,0,0,31,0,20,2,0,0,3,0,0,4,0,0,1,2,1,0,0,0,8,0,1,0,0,0,0,0,0,0,0,0,0,0,0,0,0,6,1,0,0,0,0,1,0,0,0,0,0,0,0,0,0,0,0,0,0,0,0,0,0,0,0,0,0,0,0,19,0,0,70,0,0
2016,Mahukona,7,T1,0,2,0,0,0,0,1,0,0,0,0,152,0,0,0,2,0,0,0,0,0,0,0,1,0,0,0,0,0,0,0,0,0,0,0,0,0,1,0,0,0,0,0,0,0,0,1,1,0,65,0,49,3,0,0,7,0,0,3,1,7,5,4,1,0,0,0,2,0,1,0,0,0,0,0,0,0,0,0,0,0,0,0,0,0,11,0,0,0,0,0,0,0,0,0,0,0,1,0,0,0,0,0,0,0,0,0,0,0,0,0,0,0,0,36,0,0,2,2,0
2016,Old Kona,3,T1,1,0,0,0,0,0,0,0,3,1,0,385,0,0,0,0,0,0,0,1,0,0,0,7,0,0,0,0,0,1,0,0,0,0,0,0,0,3,1,0,1,0,0,0,0,0,0,0,14,45,0,240,7,0,0,4,0,2,7,45,13,12,7,1,0,0,0,16,0,3,0,0,0,0,0,0,0,3,0,0,0,1,0,0,0,14,0,0,0,0,0,0,0,0,0,0,0,0,0,1,0,0,0,0,0,0,0,0,0,0,1,0,0,0,169,0,0,0,1,0
2016,Old Kona,4,T1,1,0,0,0,0,1,0,0,5,3,0,153,0,0,0,2,0,0,0,0,1,0,0,1,0,3,0,0,0,2,0,0,0,2,0,0,0,5,0,0,1,0,0,0,0,0,0,0,15,25,0,85,4,2,0,2,0,9,2,82,9,14,1,0,0,0,0,7,0,4,0,0,0,1,0,0,0,3,0,0,0,2,0,0,0,8,0,0,0,0,0,0,0,0,0,0,0,0,0,0,0,0,0,1,0,0,0,0,10,0,74,0,0,0,207,0,0,0,2,0
2016,Puako,1,T1,0,38,0,0,0,0,0,3,1,6,1,0,0,3,0,0,0,0,0,0,0,0,0,3,0,0,0,0,0,0,0,0,0,0,0,1,0,10,0,0,2,0,0,0,0,0,0,0,4,157,0,12,6,0,0,1,0,8,4,5,3,8,4,0,0,0,1,4,0,4,0,0,0,1,0,0,0,2,0,0,0,1,0,1,0,2,0,0,0,0,0,0,0,0,0,0,0,0,0,0,0,0,0,5,0,0,0,0,0,0,0,0,0,0,114,0,0,0,0,0
2016,Puako,2,T1,0,31,0,0,0,1,0,7,2,22,0,0,0,1,1,0,0,0,0,0,0,0,0,14,8,1,0,1,0,0,0,0,0,0,0,0,0,9,1,0,0,0,0,0,0,0,0,0,25,237,0,32,7,0,0,9,0,7,3,34,8,17,4,0,0,0,3,0,0,3,3,0,0,0,0,0,0,0,0,0,0,1,2,2,0,3,0,0,0,0,0,0,0,0,0,0,0,0,0,0,0,0,0,0,0,0,0,0,0,0,0,0,0,0,184,0,0,0,7,0
2016,Puako,5,T1,0,38,0,0,0,0,0,0,1,7,0,0,0,0,0,0,0,0,0,0,0,0,0,0,7,0,1,0,0,0,0,0,0,0,0,0,0,12,1,0,1,0,0,0,0,0,0,0,35,59,0,23,4,0,0,0,0,1,5,0,3,6,6,0,0,0,0,13,0,5,0,0,0,0,0,0,0,7,0,0,0,0,0,0,0,4,0,0,0,0,0,0,0,0,0,0,0,0,0,0,0,0,0,0,0,0,0,0,0,1,0,0,1,1,64,0,0,50,2,0
2017,Captan Cook,8,T1,,,,,,,,,,,,,,,,,,,,,,,,,,,,,,,,,,,,,,,,,,,,,,,,,,,,,,,,,,,,,,,,,,,,,,,,,,,,,,,,,,,,,,,,,,,,,,,,,,,,,,,,,,,,,,,,,,,,,,,,
2017,Mahukona,6,T1,0,9,0,0,0,0,0,1,0,0,0,10,0,0,0,0,0,0,0,0,0,0,0,1,7,0,0,0,0,0,0,0,0,0,0,0,0,1,0,0,0,0,0,0,0,0,0,0,0,14,0,12,6,0,0,1,0,1,1,0,4,2,2,0,0,0,0,0,0,0,0,0,0,0,0,0,0,0,0,0,0,1,0,0,47,0,0,0,0,0,2,0,0,0,0,0,0,0,0,0,0,0,0,0,0,0,0,0,0,0,0,0,0,0,5,0,0,40,2,0
2017,Mahukona,7,T1,0,2,0,0,0,0,0,0,3,1,0,25,0,0,0,0,0,0,0,0,0,0,0,2,1,0,0,0,0,0,0,0,0,0,0,0,0,0,0,0,1,0,0,0,0,0,2,0,0,25,0,44,6,0,0,4,0,1,2,0,6,7,1,0,2,0,0,2,0,4,0,0,0,0,0,0,0,2,0,0,0,0,0,0,0,2,0,0,0,0,3,0,0,0,0,0,0,0,0,0,0,0,0,0,0,0,0,0,0,0,0,0,0,0,41,0,0,1,1,0
2017,Old Kona,3,T1,1,0,0,0,0,0,0,0,4,5,0,171,0,0,0,0,0,0,0,0,0,1,0,5,0,0,0,0,0,1,0,0,0,0,0,0,0,5,0,0,1,0,0,0,0,0,0,0,31,41,0,132,4,0,0,1,0,0,2,30,4,15,1,0,0,0,1,3,0,2,0,0,0,0,0,0,0,1,0,0,0,0,0,0,0,3,1,0,0,0,0,0,0,0,0,0,0,0,0,1,0,0,0,0,0,0,0,0,0,0,0,0,0,0,109,0,0,0,1,0
2017,Old Kona,4,T1,1,0,0,0,0,0,0,0,2,4,0,92,0,0,0,1,0,0,0,0,1,0,0,11,0,0,5,0,0,0,0,0,0,0,0,0,0,3,0,0,1,0,0,0,0,0,0,0,14,36,0,217,9,0,0,1,0,6,1,11,6,5,3,0,0,0,0,3,0,4,0,0,0,0,1,0,0,1,0,0,2,0,0,0,0,7,0,1,0,0,0,0,0,0,0,0,0,0,0,0,0,0,0,0,0,0,0,0,6,0,36,0,0,0,133,0,0,0,0,0
2017,Puako,1,T1,0,41,0,0,0,0,0,0,2,16,0,0,0,2,0,0,0,0,0,2,0,0,0,6,5,0,0,0,0,0,0,0,0,0,0,0,0,4,0,0,0,0,0,0,0,0,0,0,12,57,0,62,3,0,0,0,0,2,6,9,1,2,0,0,0,0,1,0,0,4,0,0,0,0,0,0,0,0,0,0,0,1,0,0,0,2,0,0,0,0,0,0,1,0,0,0,0,0,2,0,0,0,0,0,0,0,1,0,0,0,0,0,0,0,122,3,0,0,0,0
2017,Puako,2,T1,0,6,0,0,0,1,0,0,7,26,0,0,0,0,0,0,0,1,0,0,0,0,0,23,5,0,0,0,0,0,0,0,0,0,0,0,0,8,0,0,0,0,0,0,0,0,0,0,66,29,0,53,10,0,0,1,0,2,0,22,2,8,0,0,0,0,1,22,0,7,0,0,0,0,0,0,0,0,0,0,0,0,0,0,0,10,0,0,0,0,0,0,0,0,0,0,0,0,1,0,0,0,0,1,0,0,0,0,0,0,0,0,0,0,95,0,0,0,5,0
2017,Puako,5,T1,0,0,0,0,0,0,1,0,0,6,0,0,0,0,0,0,0,0,0,0,0,0,0,0,0,0,0,1,0,0,0,0,0,0,0,0,1,0,0,0,0,0,0,0,0,0,0,0,0,0,0,3,0,0,0,0,0,0,1,0,0,0,0,0,0,0,3,0,0,0,0,0,0,0,0,0,0,0,0,0,0,0,0,0,0,11,0,0,0,0,0,0,2,0,0,0,0,0,0,0,0,0,0,0,0,0,0,0,0,0,0,0,0,0,0,0,0,0,0,0
2018,Captan Cook,8,T1,0,45,0,0,4,0,0,10,7,1,0,61,0,0,0,0,0,0,0,0,0,0,0,1,1,0,0,0,0,0,0,0,0,0,0,0,0,2,0,1,1,0,4,0,0,0,0,0,0,97,0,149,5,0,0,3,0,3,7,1,8,12,1,0,0,0,0,0,0,0,0,0,0,1,0,0,0,2,0,0,2,0,0,0,0,11,0,0,0,0,0,0,0,0,0,0,0,0,0,0,0,0,0,0,0,0,0,0,0,0,0,0,0,0,192,0,0,0,0,0
2018,Mahukona,6,T1,0,2,0,0,0,0,0,0,0,0,0,0,0,0,0,0,0,0,0,0,0,0,0,0,12,0,0,0,0,0,0,0,0,0,0,0,0,0,6,0,0,0,0,0,0,0,0,1,0,14,0,28,0,0,0,2,0,1,2,0,22,2,3,0,0,0,0,1,0,1,1,0,0,0,0,0,0,0,0,0,0,0,0,0,0,2,0,0,0,0,6,0,0,0,0,0,0,0,0,0,0,0,0,0,0,0,0,0,0,0,0,0,0,0,21,0,0,150,0,0
2018,Mahukona,7,T1,0,0,0,0,0,1,0,0,0,0,0,98,0,0,0,4,0,0,1,0,0,0,0,4,3,0,0,0,0,0,0,0,1,0,0,0,0,0,0,0,2,0,0,0,0,0,0,0,0,19,0,50,5,1,0,6,0,0,4,4,1,1,1,0,2,0,0,1,0,2,0,0,0,0,0,0,0,0,0,0,1,0,0,0,0,7,0,0,0,0,5,0,0,0,0,0,0,0,0,2,0,0,0,0,0,0,0,0,0,0,0,0,0,0,20,0,0,1,2,0
2018,Old Kona,3,T1,2,0,0,0,0,1,0,0,8,3,0,149,0,0,0,2,0,1,0,0,0,1,0,3,0,1,0,0,0,6,0,0,0,2,0,0,0,2,0,2,0,0,0,0,0,0,0,0,17,79,0,125,5,0,0,4,0,3,13,4,10,12,2,3,0,0,5,2,0,0,0,0,0,3,0,0,0,2,0,0,0,1,0,3,0,12,0,0,0,0,0,0,0,0,0,0,0,0,0,0,0,0,0,0,0,0,1,0,0,0,0,0,0,1,143,0,0,0,0,0
2018,Old Kona,4,T1,4,0,0,2,0,0,0,0,7,0,0,39,0,0,0,0,0,0,0,0,0,0,0,11,0,0,0,0,0,0,0,0,1,2,0,0,0,3,2,0,1,0,0,1,0,0,0,0,0,75,0,273,2,0,0,1,0,4,0,0,8,20,1,0,0,0,1,22,0,5,0,0,0,3,0,0,0,0,0,0,0,0,0,1,0,4,0,7,0,0,0,0,0,0,0,0,0,0,0,0,0,0,0,2,0,0,1,0,0,0,60,0,0,0,224,0,0,0,0,0
2018,Puako,1,T1,0,6,0,0,0,0,0,0,1,2,0,0,0,0,0,0,0,0,0,0,0,0,0,2,0,0,0,0,0,0,0,0,0,0,0,0,0,4,0,0,0,0,0,0,0,0,0,1,21,70,0,28,1,0,0,3,0,1,3,9,0,7,3,0,2,0,1,0,0,6,0,0,0,0,0,0,0,0,0,0,1,1,0,0,0,3,0,0,0,0,0,0,1,0,0,0,0,0,0,0,0,0,0,0,0,0,1,0,0,0,3,0,0,0,103,0,0,0,0,0
2018,Puako,2,T1,0,36,0,0,2,0,0,0,6,6,0,0,0,0,0,7,0,0,0,0,0,0,0,42,2,0,0,0,0,1,0,1,0,0,0,0,0,11,0,2,0,0,0,0,0,0,0,0,18,36,0,32,5,0,0,4,0,0,1,8,0,2,5,0,0,0,1,25,0,4,15,0,0,0,0,0,0,0,0,0,0,3,0,1,0,11,0,0,0,0,1,0,2,0,0,0,0,0,0,0,0,0,0,0,0,0,0,0,0,0,0,0,0,0,91,0,0,0,3,0
2018,Puako,5,T1,0,0,0,0,0,0,0,0,1,3,0,0,0,0,0,0,0,0,0,0,0,0,0,2,0,0,0,0,0,0,0,0,0,0,0,0,0,10,0,0,0,0,0,0,0,0,0,0,0,48,0,15,6,0,0,3,0,0,1,0,4,5,2,0,0,0,0,2,0,1,0,0,0,0,0,0,0,0,0,0,0,1,0,0,0,3,0,0,0,0,1,0,0,0,0,0,0,0,0,0,0,0,0,0,0,0,0,0,0,0,0,0,0,0,29,0,0,0,3,0
2019,Captan Cook,8,T1,0,97,0,0,0,0,0,0,4,2,0,112,0,0,0,0,0,0,0,0,0,0,0,2,11,0,0,0,0,0,0,0,1,0,0,0,0,2,0,1,0,0,0,0,0,0,0,0,0,98,0,39,1,0,0,4,0,0,9,5,21,26,3,0,0,0,0,0,0,0,0,0,0,0,0,0,0,0,0,0,1,1,0,1,0,0,0,0,0,0,0,0,0,0,0,0,0,0,0,0,0,0,0,0,0,0,0,0,0,0,0,0,0,0,187,0,0,0,1,0
2019,Mahukona,6,T1,0,18,0,0,0,1,0,5,0,0,0,12,0,0,1,0,0,0,0,0,0,0,0,4,5,0,0,0,0,0,0,0,0,0,0,0,0,2,2,0,0,0,0,0,0,0,0,0,0,31,0,70,9,0,0,10,0,0,3,0,1,7,3,0,2,0,0,0,0,3,0,0,0,2,0,0,0,4,0,0,0,0,0,0,0,4,0,0,0,0,8,0,0,0,0,0,0,0,0,0,0,0,0,1,0,1,0,0,0,0,0,0,0,0,37,0,0,52,0,0
2019,Mahukona,7,T1,0,1,0,0,1,0,0,2,0,0,0,36,0,0,0,0,0,0,1,0,0,0,0,2,5,0,0,1,0,0,0,0,0,0,0,0,0,3,0,0,0,0,0,0,0,0,0,0,0,24,0,79,6,0,0,9,0,0,6,0,5,2,2,0,0,0,0,0,0,1,0,0,0,0,0,0,0,0,0,0,3,0,0,0,0,8,0,0,0,0,3,0,0,0,0,0,0,0,0,0,0,0,0,2,0,0,1,0,0,0,0,0,0,0,29,0,0,151,1,0
2019,Old Kona,3,T1,0,0,0,0,0,1,0,0,3,3,0,146,0,0,0,2,0,0,0,0,0,0,0,18,0,0,0,0,0,3,0,0,0,0,0,0,0,6,1,1,0,0,0,0,0,0,0,0,32,40,0,108,2,0,0,2,0,2,3,31,7,15,3,0,0,0,2,7,0,0,0,0,0,0,0,0,0,2,0,0,0,0,0,1,0,10,0,0,0,0,0,0,0,0,0,0,0,0,0,0,0,1,0,3,0,0,0,0,0,0,0,0,0,0,105,0,0,0,2,0
2019,Old Kona,4,T1,0,0,0,0,1,1,3,0,5,6,0,177,0,0,0,0,0,0,0,0,0,0,0,9,0,0,0,0,0,1,0,0,0,0,0,0,0,1,0,0,0,0,0,1,0,0,0,0,5,28,0,117,3,0,0,1,0,7,4,49,5,16,1,0,0,0,0,9,0,2,0,0,0,3,0,0,0,2,0,0,0,0,0,1,0,8,0,0,0,0,0,0,0,0,0,0,0,0,0,0,0,0,0,1,0,0,1,0,4,0,17,0,0,1,113,0,0,0,2,0
2019,Puako,1,T1,0,45,0,0,0,0,0,0,2,13,0,0,0,1,0,1,0,0,0,0,0,1,4,7,3,0,0,0,0,0,0,0,0,0,0,0,0,1,0,0,5,0,0,0,0,0,0,0,136,22,0,315,2,0,0,7,0,1,7,19,1,6,0,0,2,0,0,1,0,3,0,0,0,3,0,0,0,5,0,0,0,2,0,1,0,3,0,0,0,0,0,0,0,1,0,0,0,0,0,0,0,0,0,3,7,0,0,0,0,0,0,0,0,0,97,0,0,11,0,0
2019,Puako,2,T1,0,86,0,0,1,0,0,0,2,1,0,58,0,0,0,2,0,0,0,0,0,0,0,6,1,0,0,0,0,1,0,0,0,0,0,0,0,7,0,0,6,0,0,0,0,0,0,0,0,117,0,15,7,0,0,8,0,2,12,9,1,4,7,0,2,0,1,10,0,5,1,0,0,0,0,0,0,0,0,0,0,1,0,1,0,5,0,0,0,0,0,0,0,0,0,0,0,0,0,0,0,0,0,1,0,0,1,0,0,0,0,0,0,0,99,0,0,0,1,0
2019,Puako,5,T1,0,100,0,0,0,1,0,1,1,3,0,0,0,6,0,3,0,0,0,0,0,0,0,1,1,0,0,0,1,0,0,0,0,0,0,0,0,3,0,0,0,0,0,0,0,0,0,0,0,11,0,41,5,0,0,5,0,0,4,0,0,5,1,0,0,0,0,0,0,4,1,0,0,0,0,0,0,0,0,0,0,1,0,0,0,4,0,0,0,0,1,0,0,0,0,0,0,0,0,0,0,0,0,2,0,0,0,0,0,0,0,0,0,0,23,0,0,0,0,0
2009,Captan Cook,8,T2,,,,,,,,,,,,,,,,,,,,,,,,,,,,,,,,,,,,,,,,,,,,,,,,,,,,,,,,,,,,,,,,,,,,,,,,,,,,,,,,,,,,,,,,,,,,,,,,,,,,,,,,,,,,,,,,,,,,,,,,
2009,Mahukona,6,T2,,,,,,,,,,,,,,,,,,,,,,,,,,,,,,,,,,,,,,,,,,,,,,,,,,,,,,,,,,,,,,,,,,,,,,,,,,,,,,,,,,,,,,,,,,,,,,,,,,,,,,,,,,,,,,,,,,,,,,,,
2009,Mahukona,7,T2,,,,,,,,,,,,,,,,,,,,,,,,,,,,,,,,,,,,,,,,,,,,,,,,,,,,,,,,,,,,,,,,,,,,,,,,,,,,,,,,,,,,,,,,,,,,,,,,,,,,,,,,,,,,,,,,,,,,,,,,
2009,Old Kona,3,T2,0,0,0,0,2,0,0,0,2,0,0,295,0,0,0,0,0,0,0,0,0,1,0,2,0,0,0,0,0,0,0,0,0,0,0,0,0,2,0,0,0,0,0,0,0,1,0,0,0,18,0,30,3,0,0,2,0,2,1,1,6,7,4,0,0,0,0,12,0,1,0,0,0,0,0,0,0,0,0,0,0,0,0,0,0,8,0,0,0,0,0,0,0,0,0,0,0,0,0,0,0,0,0,0,0,0,0,0,0,0,0,0,0,0,50,0,0,0,0,0
2009,Old Kona,4,T2,7,0,0,0,0,0,0,0,0,0,0,205,0,0,0,0,1,0,0,0,0,2,0,0,0,0,12,0,0,0,0,0,0,0,0,0,0,2,0,0,0,0,0,0,0,0,0,0,1,9,0,49,0,0,0,0,0,5,0,5,7,8,1,1,0,0,2,0,0,2,0,0,0,2,0,0,0,0,0,0,0,0,0,0,0,13,0,0,0,0,0,0,0,0,0,0,0,0,0,0,0,0,0,1,0,0,0,0,0,0,205,0,0,0,51,0,0,0,1,0
2009,Puako,1,T2,0,0,0,0,0,0,0,0,2,0,0,0,0,0,0,0,0,0,0,0,0,0,0,0,4,0,0,0,0,0,0,0,0,0,0,0,0,3,0,0,0,0,0,0,0,0,0,0,0,17,0,0,1,0,0,0,0,0,1,3,0,2,0,0,0,0,0,2,0,4,0,0,0,0,0,0,0,0,0,0,0,0,0,0,0,0,0,0,0,0,0,0,0,0,0,0,0,0,0,0,0,0,0,0,0,0,0,0,0,0,0,0,0,0,36,0,0,0,0,0
2009,Puako,2,T2,0,0,0,0,1,0,0,0,1,0,0,0,0,0,0,0,0,0,0,0,0,0,0,0,4,0,0,0,0,0,0,0,0,0,0,0,0,4,0,2,5,0,0,0,0,0,0,0,2,24,0,12,4,0,0,1,0,0,0,1,0,1,1,0,0,0,2,1,0,0,1,0,0,0,0,0,0,0,0,0,0,0,0,1,0,7,0,0,0,0,0,0,0,0,0,0,0,0,0,0,0,0,0,0,0,0,1,0,0,0,1,1,0,0,61,0,0,0,1,0
2009,Puako,5,T2,0,0,0,0,1,0,0,0,1,0,0,0,0,0,0,0,0,0,0,0,0,1,0,0,0,0,3,0,0,0,0,0,0,0,0,0,0,3,0,0,0,0,0,0,0,2,0,0,3,22,0,31,3,0,0,1,0,0,0,2,3,2,0,0,0,0,0,2,0,1,0,0,0,0,0,0,0,0,0,0,0,0,0,0,0,2,0,0,0,0,0,0,0,0,0,0,0,0,0,0,0,0,0,0,0,0,0,0,0,0,12,0,0,0,23,0,0,30,0,0
2010,Captan Cook,8,T2,,,,,,,,,,,,,,,,,,,,,,,,,,,,,,,,,,,,,,,,,,,,,,,,,,,,,,,,,,,,,,,,,,,,,,,,,,,,,,,,,,,,,,,,,,,,,,,,,,,,,,,,,,,,,,,,,,,,,,,,
2010,Mahukona,6,T2,0,1,0,0,0,0,0,0,0,0,0,45,0,0,0,0,0,0,1,0,0,0,0,0,4,0,0,0,0,0,0,0,0,0,0,0,0,0,0,0,0,0,0,0,0,0,0,0,0,9,0,12,3,0,0,4,0,0,0,0,0,3,0,2,0,0,1,0,0,0,0,0,0,0,0,0,0,0,0,0,0,0,0,0,0,1,0,0,0,0,0,9,0,0,0,0,0,0,0,0,0,0,0,0,0,0,0,0,0,0,0,0,0,2,17,0,0,1,0,0
2010,Mahukona,7,T2,0,0,0,0,1,0,0,0,0,0,0,0,0,0,0,1,0,0,0,0,0,0,0,1,0,0,0,0,0,0,0,0,0,0,0,0,0,2,0,0,0,0,0,0,0,0,0,0,0,5,0,13,1,0,0,6,0,0,5,0,3,0,0,0,0,0,1,0,0,0,0,0,0,0,0,0,0,0,0,0,0,0,0,0,0,4,0,0,0,0,1,0,0,0,0,0,0,0,0,0,0,0,0,0,0,0,0,0,0,0,0,0,0,0,2,0,0,5,0,0
2010,Old Kona,3,T2,0,0,0,0,0,0,0,0,3,0,0,312,0,0,0,1,0,0,0,0,0,0,0,1,0,0,0,0,0,0,0,0,0,0,0,0,0,7,0,0,0,0,0,0,0,0,0,0,0,39,0,41,1,0,0,3,0,1,5,3,4,4,3,0,0,0,0,13,0,0,0,0,0,0,0,0,0,0,0,0,0,0,0,1,0,0,0,2,0,0,0,0,0,0,0,0,0,0,0,0,11,0,0,2,0,0,0,0,0,0,3,0,0,0,60,0,0,0,1,0
2010,Old Kona,4,T2,1,0,0,0,0,0,0,0,3,0,0,550,0,0,0,1,0,0,0,0,0,1,0,8,0,0,0,0,0,1,0,0,0,0,0,0,0,3,0,0,0,0,0,0,0,0,0,0,1,8,0,86,0,0,0,1,0,6,0,3,3,6,2,0,0,0,0,20,0,2,0,0,0,2,0,0,0,1,0,0,1,0,0,0,0,0,0,0,0,0,0,0,0,0,0,0,0,0,0,0,4,0,0,0,0,0,1,0,0,0,25,0,0,0,86,0,0,0,0,0
2010,Puako,1,T2,0,0,0,0,0,0,0,0,0,0,0,0,0,0,0,0,0,0,0,0,0,0,0,3,2,0,0,0,0,0,0,0,0,0,0,0,0,1,0,0,0,0,0,0,0,0,0,0,0,35,0,10,4,0,0,0,0,3,2,2,0,0,0,0,0,0,0,0,0,5,0,0,0,0,0,0,0,0,0,0,0,0,0,1,0,3,0,0,0,0,0,0,0,1,0,0,0,0,0,0,0,0,0,1,0,0,0,0,0,0,1,0,0,0,39,0,0,0,0,0
2010,Puako,2,T2,0,3,0,0,1,0,5,0,1,0,0,0,0,0,2,0,0,0,0,0,0,0,0,10,1,0,0,0,0,0,0,0,0,0,0,0,0,8,0,1,0,0,0,0,0,0,0,0,0,39,0,5,4,0,0,3,0,0,2,7,0,0,0,2,0,0,4,0,1,0,0,0,0,0,0,0,0,0,0,0,0,0,0,0,0,5,0,0,0,0,0,0,0,0,1,0,0,0,0,0,0,0,0,0,0,0,0,0,0,0,0,0,0,0,70,0,0,0,0,0
2010,Puako,5,T2,0,0,0,0,1,0,0,0,0,3,0,0,0,0,0,0,0,0,0,0,0,1,0,0,0,0,0,0,0,0,0,0,0,0,0,0,0,7,0,0,1,0,5,0,0,0,0,0,0,5,0,17,2,0,0,2,0,0,0,1,7,2,0,0,3,0,0,0,0,3,1,0,0,0,0,0,0,0,0,0,0,0,0,0,0,2,0,0,0,0,0,0,0,0,0,0,0,0,0,0,0,0,0,1,0,0,0,0,0,0,0,0,0,0,18,25,0,2,4,0
2011,Captan Cook,8,T2,,,,,,,,,,,,,,,,,,,,,,,,,,,,,,,,,,,,,,,,,,,,,,,,,,,,,,,,,,,,,,,,,,,,,,,,,,,,,,,,,,,,,,,,,,,,,,,,,,,,,,,,,,,,,,,,,,,,,,,,
2011,Mahukona,6,T2,0,0,0,0,0,0,0,0,1,0,0,0,0,0,0,1,0,0,0,0,0,0,0,0,12,0,0,0,0,0,0,0,0,0,0,0,0,1,0,0,0,0,0,0,0,0,0,0,4,17,0,21,2,0,0,4,0,0,1,0,1,5,0,0,3,0,0,0,0,0,0,0,0,0,0,0,0,0,0,0,0,0,0,0,0,1,0,0,0,0,0,0,0,0,0,0,0,0,0,0,0,0,0,0,0,0,0,0,0,0,0,0,0,0,13,0,0,0,0,0
2011,Mahukona,7,T2,0,0,0,0,0,1,1,0,0,0,0,0,0,0,0,0,0,0,0,0,1,0,0,1,0,0,0,0,0,0,0,0,0,0,0,0,0,0,0,0,0,0,0,0,0,0,0,0,0,8,0,7,3,0,0,2,0,0,3,0,4,1,3,0,4,0,0,0,0,0,0,0,0,0,0,0,0,1,0,0,0,0,0,0,0,3,0,0,0,0,1,0,0,0,0,0,0,0,0,0,0,2,0,0,0,0,0,0,0,0,0,0,0,0,10,0,0,0,0,0
2011,Old Kona,3,T2,0,0,0,0,0,0,0,0,2,0,0,259,0,0,0,1,0,0,0,0,0,1,0,6,0,0,0,0,0,2,0,0,0,0,0,0,0,2,0,1,2,0,0,0,0,0,0,0,0,32,0,47,2,0,0,10,0,2,4,2,9,7,2,0,0,0,2,17,0,1,0,0,0,1,0,0,0,0,1,0,0,0,0,1,0,2,0,0,0,0,0,0,0,0,0,0,0,0,0,0,0,0,0,0,0,0,0,0,0,0,0,0,0,0,47,0,0,0,1,0
2011,Old Kona,4,T2,4,0,0,0,0,0,0,0,4,0,0,230,0,0,0,1,0,0,0,0,0,0,0,0,0,0,6,0,0,3,0,0,0,2,0,0,0,5,0,1,0,0,0,0,0,1,0,0,5,12,0,40,3,0,0,3,0,3,0,7,4,5,0,0,0,0,0,8,0,3,0,0,0,0,0,0,0,2,0,0,0,0,0,0,0,9,0,0,0,0,0,0,0,0,0,0,0,0,0,0,0,2,0,0,0,0,0,0,0,0,78,0,0,1,51,0,0,0,0,0
2011,Puako,1,T2,0,0,0,0,0,0,0,0,1,0,0,0,0,0,0,0,0,0,0,0,2,0,0,13,2,0,0,0,0,0,0,0,0,0,0,0,0,5,0,0,0,0,0,0,0,0,0,0,0,33,0,42,1,0,0,2,0,0,1,2,0,2,0,0,2,0,0,0,0,1,0,0,0,1,0,0,0,0,0,0,0,1,0,0,0,2,0,0,0,0,0,0,0,0,0,0,0,0,0,0,0,0,0,0,0,0,0,0,0,0,0,0,0,0,19,0,0,0,0,0
2011,Puako,2,T2,0,11,0,0,1,1,1,0,6,0,0,0,0,0,0,0,0,0,0,0,0,0,0,8,6,0,0,0,0,2,0,0,0,0,0,0,0,4,0,0,0,0,0,0,0,0,0,0,0,57,0,7,2,0,0,3,0,0,2,8,1,7,4,0,0,0,2,20,0,2,0,1,0,0,0,0,0,9,0,0,1,0,0,1,0,2,0,0,0,0,0,0,0,0,0,0,0,0,0,0,0,2,0,2,0,0,0,0,0,0,1,0,0,0,60,0,0,0,0,0
2011,Puako,5,T2,0,0,0,0,0,0,0,0,0,1,0,0,0,0,0,0,0,0,0,0,2,0,0,4,0,0,0,0,0,1,0,0,0,0,0,0,0,6,0,0,0,0,7,0,0,0,0,0,0,0,0,15,2,0,0,0,0,0,0,0,5,3,1,0,2,0,0,3,0,0,0,0,0,0,0,0,0,0,0,0,0,0,0,1,0,3,0,0,0,0,0,0,0,0,0,0,0,0,0,0,0,0,0,0,0,0,0,0,0,0,4,0,0,0,26,0,0,20,2,0
2012,Captan Cook,8,T2,,,,,,,,,,,,,,,,,,,,,,,,,,,,,,,,,,,,,,,,,,,,,,,,,,,,,,,,,,,,,,,,,,,,,,,,,,,,,,,,,,,,,,,,,,,,,,,,,,,,,,,,,,,,,,,,,,,,,,,,
2012,Mahukona,6,T2,0,1,0,0,1,0,0,0,2,0,0,20,0,0,0,0,0,0,0,0,0,1,0,3,14,0,0,0,0,0,0,0,0,0,0,0,0,0,0,0,0,0,0,0,0,0,0,0,1,15,0,18,0,0,0,6,0,0,1,0,2,2,6,0,0,0,1,0,0,0,0,0,0,0,0,0,0,0,0,0,0,0,0,0,7,2,0,0,0,0,3,0,0,0,0,0,0,0,0,0,0,0,0,1,0,0,0,0,0,0,0,0,0,0,15,0,0,0,2,0
2012,Mahukona,7,T2,0,0,0,0,1,0,0,0,0,0,0,20,0,0,0,0,0,0,0,0,0,0,3,0,0,0,0,0,0,0,0,0,0,0,0,0,0,1,0,0,0,0,0,0,0,0,0,0,0,13,0,14,1,0,0,7,0,0,3,0,2,4,0,0,2,0,1,0,0,3,0,0,0,2,0,0,0,0,0,0,0,0,0,0,0,7,0,0,0,0,0,0,0,0,0,0,0,0,0,0,4,0,0,0,0,0,0,0,0,0,0,0,0,0,14,0,0,0,0,0
2012,Old Kona,3,T2,0,0,8,0,0,0,0,0,2,0,0,270,0,0,0,1,0,0,0,0,0,0,0,3,0,0,0,0,0,0,0,0,0,0,0,0,0,6,0,1,2,0,0,0,0,0,0,0,18,62,0,58,1,0,0,3,0,2,4,5,9,8,1,0,0,0,2,0,0,1,0,0,0,0,0,0,0,0,0,0,0,0,0,0,0,2,0,0,0,0,0,0,0,0,0,0,0,0,0,0,2,0,0,0,0,0,0,0,0,0,1,0,0,0,77,0,0,0,2,0
2012,Old Kona,4,T2,1,0,5,0,0,0,0,0,2,0,0,237,0,0,0,0,0,0,0,0,0,0,1,7,0,0,0,0,0,4,0,0,0,5,0,0,0,4,0,0,3,0,0,0,0,0,0,0,10,36,0,87,2,0,0,4,0,6,0,5,8,3,2,0,0,0,0,0,0,4,0,0,0,2,0,0,0,0,0,0,1,0,0,1,0,0,0,0,0,0,0,0,0,1,0,0,0,0,0,0,9,0,0,2,0,0,0,0,0,0,18,0,0,0,118,0,0,0,2,0
2012,Puako,1,T2,0,1,40,0,0,0,0,0,1,0,0,0,0,0,0,0,0,0,0,0,1,0,0,5,4,0,0,0,0,0,0,0,0,0,0,0,0,9,2,2,2,0,0,0,0,0,0,0,1,35,0,33,2,0,0,3,0,2,3,5,0,4,0,0,1,0,11,0,0,7,0,0,0,0,0,0,0,0,0,0,0,1,0,0,0,3,0,0,0,0,0,0,0,3,0,0,0,0,0,1,1,0,0,0,0,0,0,0,0,0,3,0,0,0,64,0,0,0,1,0
2012,Puako,2,T2,0,13,0,0,1,1,0,0,1,0,0,0,0,0,0,0,0,0,0,0,0,0,0,2,7,0,0,1,0,0,0,0,0,0,0,0,0,7,0,0,2,0,0,0,0,0,0,0,16,28,0,3,0,0,0,3,0,0,4,0,0,0,4,2,0,0,0,0,0,3,0,0,0,0,0,0,0,0,0,0,0,0,0,0,0,3,0,0,0,0,0,0,0,0,0,0,0,0,0,0,6,0,0,0,0,0,0,0,0,0,0,0,0,0,61,0,0,0,2,0
2012,Puako,5,T2,0,0,0,0,2,0,0,0,0,0,0,0,0,0,0,0,0,0,2,0,0,0,0,2,0,0,0,0,0,1,0,0,0,0,0,0,0,7,0,0,0,0,0,0,0,0,0,0,0,12,0,44,0,0,0,1,0,0,2,0,9,3,0,0,2,0,0,0,0,3,0,0,0,0,0,0,0,0,0,0,0,0,0,0,0,3,0,0,0,0,0,0,0,0,0,0,0,0,0,0,2,0,0,0,0,0,0,0,0,0,0,0,0,0,23,0,0,0,2,0
2013,Captan Cook,8,T2,,,,,,,,,,,,,,,,,,,,,,,,,,,,,,,,,,,,,,,,,,,,,,,,,,,,,,,,,,,,,,,,,,,,,,,,,,,,,,,,,,,,,,,,,,,,,,,,,,,,,,,,,,,,,,,,,,,,,,,,
2013,Mahukona,6,T2,0,4,0,0,0,0,0,0,0,0,0,0,0,0,0,0,0,0,0,1,0,1,0,8,8,0,0,0,1,0,0,0,0,0,0,0,0,1,0,0,0,0,0,0,0,0,0,0,0,43,0,54,3,0,0,4,0,1,6,1,1,2,0,1,2,2,0,0,0,3,0,0,0,0,0,0,0,0,0,0,0,1,0,0,0,5,0,0,0,0,2,0,0,0,0,0,0,0,0,0,0,0,0,0,0,0,0,0,0,0,0,0,0,0,9,0,0,5,0,0
2013,Mahukona,7,T2,0,0,0,0,0,1,0,0,1,0,0,0,0,0,0,0,0,0,0,0,0,0,0,0,0,0,0,0,0,0,0,0,0,0,0,0,0,0,0,0,0,0,0,0,0,0,0,0,0,8,0,19,6,0,0,6,0,0,2,0,2,2,4,0,0,0,0,1,0,1,0,0,0,0,0,0,0,4,0,0,0,0,0,0,3,2,0,0,0,0,2,0,0,0,0,0,0,0,0,0,0,0,0,2,0,0,0,0,0,0,0,0,0,0,12,0,0,64,0,0
2013,Old Kona,3,T2,1,0,0,0,0,0,0,1,1,0,0,440,0,0,0,0,0,1,0,0,0,0,0,7,0,0,0,0,0,1,0,0,0,0,0,0,0,4,0,0,1,0,1,0,0,1,0,0,4,95,0,98,4,0,0,2,0,3,0,6,9,6,4,0,0,0,1,2,0,0,0,0,0,0,0,0,0,1,0,0,0,0,0,2,0,3,0,0,0,0,0,0,0,0,0,0,0,0,0,0,0,0,0,2,0,0,0,0,0,0,2,0,0,0,111,0,0,0,1,0
2013,Old Kona,4,T2,0,0,0,0,0,0,0,0,1,0,0,305,0,0,0,0,0,0,0,0,0,0,0,22,0,0,2,0,0,0,0,0,0,0,0,0,0,8,0,0,1,0,33,0,0,0,0,0,5,57,0,108,1,0,0,0,0,5,0,32,7,6,3,3,0,0,4,3,0,5,0,0,0,0,0,0,0,6,0,0,0,0,0,0,0,6,0,0,0,0,0,0,0,0,0,0,0,0,0,0,0,0,0,6,0,0,1,0,0,0,5,0,0,0,170,0,0,0,0,0
2013,Puako,1,T2,0,43,0,0,0,1,0,0,0,0,0,0,0,0,0,0,0,0,0,0,0,0,0,8,8,3,0,0,0,0,0,0,0,0,0,0,0,2,0,0,2,0,1,0,0,0,0,0,11,40,0,9,3,0,0,1,0,1,2,6,2,4,1,0,0,0,0,1,2,2,0,0,0,1,0,0,0,0,0,0,1,0,0,1,0,0,0,1,0,0,0,0,0,0,0,0,0,0,0,0,0,0,0,0,0,0,0,0,0,0,0,0,0,0,70,0,0,0,2,0
2013,Puako,2,T2,0,1,0,0,0,0,1,0,2,0,0,0,0,0,0,0,0,0,0,0,0,0,0,3,1,0,5,0,0,1,0,0,0,0,0,0,0,4,0,1,4,0,2,0,0,0,0,0,80,33,0,67,4,0,0,8,0,2,11,10,6,8,5,0,0,0,0,18,0,4,0,0,0,2,0,0,0,5,0,0,0,8,0,0,0,0,0,0,0,0,0,0,0,0,0,0,0,0,0,0,0,0,0,0,0,0,0,0,0,0,0,0,0,0,89,0,0,0,0,0
2013,Puako,5,T2,0,0,0,0,1,2,0,0,1,3,0,0,0,0,0,0,0,0,0,0,0,0,0,2,0,0,0,0,0,0,0,0,0,0,0,0,0,9,0,0,0,0,0,0,0,0,0,0,0,32,0,43,5,0,0,3,0,0,0,0,6,2,0,2,0,0,0,5,0,2,0,0,0,0,0,0,0,0,0,0,0,0,0,0,0,25,0,0,0,0,1,0,0,0,0,0,0,0,0,0,0,0,0,2,0,0,0,0,0,0,0,0,0,0,33,0,0,1,0,0
2014,Captan Cook,8,T2,0,64,0,0,1,1,0,0,3,1,0,20,0,0,0,0,0,0,0,0,1,0,0,6,1,0,0,0,0,0,0,0,1,0,0,0,0,0,0,0,3,0,0,0,0,0,0,0,0,61,0,58,2,0,0,1,1,0,5,0,14,2,5,0,0,0,0,0,0,0,0,0,0,0,0,0,0,0,0,0,0,0,0,0,0,5,0,0,0,0,0,0,0,0,0,0,0,0,0,0,0,0,0,0,0,0,0,0,0,0,1,0,0,0,116,0,0,0,0,0
2014,Mahukona,6,T2,0,0,0,0,0,0,0,0,0,0,0,0,0,0,4,0,0,0,0,0,0,0,0,0,0,0,0,0,0,0,0,0,0,0,0,0,0,0,0,0,0,0,0,0,0,0,0,0,1,23,0,14,2,0,0,5,0,0,2,0,0,1,1,0,0,0,0,0,0,1,0,0,0,0,0,0,0,1,0,0,0,2,0,0,0,2,0,0,0,0,1,0,0,0,0,0,0,0,0,0,0,0,0,0,0,0,1,0,0,0,0,0,0,0,13,0,0,11,0,0
2014,Mahukona,7,T2,1,0,0,0,0,1,0,0,0,0,0,0,0,0,0,0,0,0,0,0,0,0,0,0,0,0,0,1,0,0,0,0,0,0,0,0,0,1,0,0,0,0,0,0,0,0,0,0,0,41,0,21,2,0,0,2,0,0,3,0,3,2,2,0,4,0,1,3,0,1,0,0,0,2,0,0,0,0,0,0,0,0,0,0,0,5,0,1,0,0,2,0,0,0,0,0,0,0,0,0,0,0,0,2,0,0,1,0,0,0,0,0,0,0,14,0,0,0,0,0
2014,Old Kona,3,T2,5,0,0,0,1,1,1,0,4,0,0,295,0,0,0,0,0,0,0,2,0,0,0,13,0,0,1,0,0,0,0,0,0,0,0,0,0,1,0,0,1,0,1,0,0,2,0,0,10,89,0,112,4,0,0,0,0,2,1,4,5,6,2,0,0,0,0,3,0,0,0,0,0,1,0,0,0,4,0,0,0,0,0,2,0,9,0,0,0,0,0,0,0,0,0,0,0,0,0,0,0,0,0,0,0,0,0,0,0,0,0,0,0,0,98,0,0,0,1,0
2014,Old Kona,4,T2,1,0,0,0,0,0,0,0,5,0,0,235,0,0,0,0,0,0,0,0,3,0,0,3,0,0,0,0,0,0,0,0,0,2,0,0,0,8,0,0,0,0,0,0,0,1,0,0,22,96,0,98,4,2,0,3,0,6,0,27,4,11,2,0,0,0,0,3,0,5,0,0,0,2,0,0,0,0,0,0,0,0,0,0,0,8,0,3,0,0,0,0,0,0,0,0,0,0,0,0,0,0,0,4,0,0,2,0,6,0,41,0,0,0,141,0,0,0,2,0
2014,Puako,1,T2,0,21,0,0,0,0,0,0,0,0,0,0,0,0,0,0,0,0,0,0,0,0,0,7,2,0,0,0,0,0,0,0,0,0,0,0,0,4,0,0,1,0,0,0,0,0,0,0,55,22,0,60,2,0,0,0,0,0,6,0,0,1,3,0,2,0,1,0,0,4,0,0,0,0,0,0,0,0,0,0,0,1,0,0,0,2,0,0,0,0,0,0,0,0,0,0,0,0,0,0,0,0,0,1,0,0,0,0,0,0,0,0,0,0,34,0,0,0,0,0
2014,Puako,2,T2,0,13,0,0,2,0,2,0,4,0,0,2,0,0,0,0,0,0,0,0,0,0,0,0,7,0,0,0,0,0,0,0,0,1,0,0,0,5,0,3,0,0,0,0,0,0,0,0,45,29,0,20,3,0,0,4,0,0,12,19,0,2,0,0,0,0,2,0,0,3,0,1,0,0,0,0,0,0,0,0,1,1,0,1,0,5,0,0,0,0,0,0,1,0,0,0,0,0,0,0,0,0,0,2,0,0,1,0,0,0,0,0,0,0,61,0,0,0,3,0
2014,Puako,5,T2,0,40,0,0,0,0,0,0,0,2,0,0,0,0,0,0,0,0,0,0,0,1,0,1,2,0,0,0,0,0,0,0,0,0,0,0,0,11,0,0,0,0,0,0,0,0,0,0,0,18,0,11,2,0,0,2,0,0,3,1,2,3,2,0,0,0,0,2,0,2,0,0,0,0,0,0,0,1,0,0,0,0,0,0,0,3,0,0,0,0,0,0,0,0,0,0,0,0,0,0,0,0,0,0,0,0,0,0,0,0,0,0,0,0,34,0,0,0,2,0
2015,Captan Cook,8,T2,,,,,,,,,,,,,,,,,,,,,,,,,,,,,,,,,,,,,,,,,,,,,,,,,,,,,,,,,,,,,,,,,,,,,,,,,,,,,,,,,,,,,,,,,,,,,,,,,,,,,,,,,,,,,,,,,,,,,,,,
2015,Mahukona,6,T2,,,,,,,,,,,,,,,,,,,,,,,,,,,,,,,,,,,,,,,,,,,,,,,,,,,,,,,,,,,,,,,,,,,,,,,,,,,,,,,,,,,,,,,,,,,,,,,,,,,,,,,,,,,,,,,,,,,,,,,,
2015,Mahukona,7,T2,,,,,,,,,,,,,,,,,,,,,,,,,,,,,,,,,,,,,,,,,,,,,,,,,,,,,,,,,,,,,,,,,,,,,,,,,,,,,,,,,,,,,,,,,,,,,,,,,,,,,,,,,,,,,,,,,,,,,,,,
2015,Old Kona,3,T2,4,0,0,0,0,0,2,0,5,0,0,105,0,0,0,0,0,0,0,0,0,0,0,8,0,0,0,0,0,0,0,0,0,0,0,0,0,4,0,0,0,0,2,0,0,0,0,0,3,78,0,69,6,0,0,4,0,3,3,11,5,10,3,0,0,0,0,6,0,2,0,0,0,0,0,0,0,0,0,0,0,0,0,0,0,8,0,1,0,0,0,0,0,0,0,0,0,0,0,0,0,0,0,0,0,0,0,0,0,0,2,0,0,0,118,0,0,0,3,0
2015,Old Kona,4,T2,0,39,0,0,1,0,5,0,10,1,0,33,0,0,0,2,0,0,0,0,0,0,0,5,0,0,1,0,0,0,0,0,0,0,0,0,0,8,0,0,2,0,0,0,0,0,0,0,32,141,0,150,4,0,0,1,0,6,3,24,6,8,1,1,0,0,0,22,0,7,0,0,0,2,0,0,0,2,0,0,1,0,0,0,0,14,2,8,0,0,0,0,0,0,0,0,0,0,0,0,0,0,0,0,0,0,0,0,12,0,67,0,0,0,202,0,0,0,1,0
2015,Puako,1,T2,0,10,0,0,0,0,0,0,1,2,0,0,0,0,0,0,0,0,0,0,0,0,0,1,6,0,0,0,0,1,0,0,0,0,0,1,0,5,0,0,0,0,0,0,0,0,0,0,2,55,0,49,8,0,0,2,0,3,2,12,0,2,0,0,0,0,3,4,0,4,0,0,0,0,0,0,0,1,0,0,0,1,0,0,0,3,0,0,0,0,1,0,1,0,0,0,0,0,0,0,0,0,0,0,0,0,0,0,0,0,0,0,0,0,41,0,0,0,2,0
2015,Puako,2,T2,0,12,0,0,1,0,0,0,2,17,0,0,0,0,0,0,0,0,0,0,0,0,0,0,3,0,0,0,0,0,0,0,0,2,0,0,0,6,0,0,0,0,0,0,0,0,0,0,95,25,0,6,1,0,0,1,0,1,3,84,0,1,4,5,0,0,2,0,0,2,0,0,0,0,0,0,0,0,0,0,0,2,0,0,0,7,0,2,0,0,0,0,0,0,0,0,0,0,0,0,0,0,0,1,0,0,0,0,0,0,0,0,0,0,63,0,0,0,0,0
2015,Puako,5,T2,0,0,0,0,0,0,0,0,4,0,0,0,0,0,0,0,0,0,0,0,0,0,0,2,0,0,0,0,0,0,0,0,0,0,0,0,0,1,0,0,0,0,0,0,0,0,0,0,0,26,0,1,1,0,0,1,0,0,1,1,51,2,3,1,0,0,0,0,0,1,0,0,0,0,0,0,0,0,0,0,0,1,0,0,0,2,0,0,0,0,0,0,0,0,0,0,0,0,0,0,0,0,0,2,0,0,0,0,0,0,0,0,0,0,43,0,0,1,0,0
2016,Captan Cook,8,T2,0,107,0,0,2,1,0,0,4,0,0,92,0,0,0,0,0,0,0,0,0,0,0,1,9,0,0,1,0,0,0,0,0,0,0,0,0,2,0,0,0,0,1,0,0,0,0,0,0,42,0,148,5,0,0,5,0,3,10,10,22,21,5,0,0,0,9,0,0,2,0,0,0,0,0,0,0,0,0,0,2,2,0,0,0,7,0,0,0,0,0,0,0,0,0,0,0,0,0,0,0,0,0,0,0,0,1,0,0,0,2,0,0,0,226,0,0,1,0,0
2016,Mahukona,6,T2,0,19,0,0,0,0,0,5,1,0,0,73,0,0,0,0,0,0,0,0,0,0,0,0,8,0,0,0,0,0,0,0,1,0,0,0,0,0,0,0,0,0,0,0,0,0,0,0,0,21,0,21,4,0,0,5,0,0,6,0,1,1,2,0,4,0,0,0,0,3,0,0,0,0,0,0,0,0,0,0,0,0,0,0,0,2,0,0,0,0,0,0,0,0,0,0,0,0,0,0,0,0,0,1,0,0,0,0,0,0,0,0,0,0,13,0,0,0,0,0
2016,Mahukona,7,T2,0,2,0,0,0,0,0,0,1,0,0,96,0,0,0,0,0,0,0,0,0,0,0,2,2,0,24,0,0,0,0,0,0,0,0,0,0,1,0,0,0,0,0,0,0,0,1,1,0,22,0,58,9,0,0,12,0,0,16,1,1,9,4,1,0,0,1,1,0,2,0,0,,2,0,0,0,1,0,0,0,0,0,0,0,7,0,0,0,0,4,0,0,0,0,0,0,0,0,1,0,1,0,6,0,0,0,0,0,0,0,0,0,0,27,0,0,1,3,0
2016,Old Kona,3,T2,1,0,0,0,0,0,1,0,3,2,0,320,0,0,0,0,0,0,0,0,0,1,0,8,0,0,1,0,0,2,0,0,0,0,0,0,0,10,0,0,5,0,0,0,0,0,0,0,15,50,0,352,5,0,0,5,0,3,0,89,6,20,9,2,0,0,2,6,0,2,0,0,0,1,0,0,0,3,0,0,1,1,0,1,0,12,0,1,0,0,0,0,0,1,0,0,0,0,0,0,0,0,0,1,0,0,0,0,0,0,0,0,0,0,193,0,0,0,2,0
2016,Old Kona,4,T2,0,0,0,0,0,0,0,0,5,5,0,140,0,0,0,2,0,0,0,0,0,0,0,6,0,0,0,0,0,1,0,0,0,2,0,0,0,3,0,1,2,0,0,0,0,0,0,0,10,41,0,76,6,0,0,2,0,10,5,58,13,19,0,0,0,0,0,7,0,3,0,0,0,0,0,0,0,0,0,0,0,0,0,1,0,14,0,0,0,0,0,0,0,0,0,0,0,0,0,0,0,0,0,0,0,0,0,0,23,0,28,0,0,0,208,0,0,0,1,0
2016,Puako,1,T2,0,49,0,0,0,0,0,0,0,42,0,0,0,0,0,3,0,0,0,0,0,0,0,1,1,0,0,0,0,0,0,0,0,0,0,2,0,4,0,0,0,0,0,0,0,0,0,0,8,50,0,19,12,0,0,0,0,8,2,4,0,5,4,0,0,0,2,0,0,5,0,0,0,0,0,0,0,0,0,0,0,3,0,0,0,2,0,0,0,0,0,0,0,0,0,0,0,0,0,0,0,0,0,0,0,0,0,0,0,0,0,0,0,0,94,0,0,0,0,0
2016,Puako,2,T2,0,22,0,0,0,2,0,0,1,46,0,0,0,0,0,0,0,0,0,0,0,0,0,15,4,0,2,0,0,0,0,0,0,0,0,0,0,9,0,1,1,0,0,0,0,0,0,0,59,119,0,35,4,0,0,1,0,4,4,85,8,2,9,0,1,0,1,12,0,4,2,0,0,0,0,0,0,0,0,0,0,6,0,1,0,8,0,0,0,0,0,0,0,0,0,0,0,0,0,0,0,0,0,2,0,0,1,0,0,0,0,0,0,0,144,0,0,0,0,0
2016,Puako,5,T2,0,100,0,0,0,0,0,0,2,2,0,0,0,0,0,0,0,0,0,0,0,0,0,1,3,0,1,0,0,0,0,0,0,0,0,0,0,13,1,0,2,0,0,0,0,0,0,0,0,95,0,57,3,0,0,2,0,0,3,0,6,8,7,0,0,0,0,10,0,5,0,0,0,0,0,0,0,4,0,0,0,0,0,0,0,6,0,0,0,0,0,0,0,0,0,0,0,0,0,0,0,0,0,1,0,0,0,0,0,0,0,0,0,0,87,0,0,100,1,0
2017,Captan Cook,8,T2,,,,,,,,,,,,,,,,,,,,,,,,,,,,,,,,,,,,,,,,,,,,,,,,,,,,,,,,,,,,,,,,,,,,,,,,,,,,,,,,,,,,,,,,,,,,,,,,,,,,,,,,,,,,,,,,,,,,,,,,
2017,Mahukona,6,T2,0,14,0,0,0,0,0,3,0,0,1,10,0,0,0,6,0,0,0,2,0,0,0,0,6,0,0,0,0,0,0,0,0,0,0,0,0,3,0,0,0,0,0,0,0,0,0,0,0,26,0,28,5,0,0,6,0,0,0,0,0,0,3,0,0,0,0,0,0,2,0,0,0,0,0,0,0,0,0,0,0,1,0,1,0,0,0,0,0,0,4,0,0,0,0,0,0,0,0,0,0,0,0,2,0,0,0,0,0,0,0,0,0,0,7,0,0,9,0,0
2017,Mahukona,7,T2,0,0,0,0,0,0,0,0,0,3,0,0,0,0,0,0,0,0,0,0,0,0,0,1,0,0,0,0,0,0,0,0,0,1,0,0,0,2,0,0,1,0,0,0,0,0,3,0,0,31,0,25,3,0,0,7,0,0,5,9,3,5,1,0,1,0,1,1,0,3,0,0,0,0,0,0,0,0,0,0,0,0,0,0,0,4,0,0,0,0,1,0,0,0,0,0,0,0,0,0,0,0,0,3,0,0,0,0,0,0,0,0,1,0,30,0,0,54,1,1
2017,Old Kona,3,T2,3,0,0,0,0,0,1,0,7,0,0,152,0,0,0,0,0,0,0,0,0,0,0,16,0,0,0,0,0,0,0,0,0,0,0,0,0,2,0,0,1,0,0,0,0,0,0,0,38,81,0,153,1,0,0,2,0,3,6,11,7,9,4,0,0,0,0,12,0,0,0,0,0,0,0,0,0,2,0,0,0,0,0,0,0,21,0,0,0,0,0,0,0,0,0,0,0,0,0,1,0,0,0,0,0,0,0,0,0,0,1,0,0,0,107,2,0,0,0,0
2017,Old Kona,4,T2,0,0,0,0,0,0,0,0,3,0,0,91,0,0,0,0,0,0,0,0,2,1,0,2,0,0,1,0,0,2,0,0,0,0,0,0,0,3,0,0,0,0,0,0,0,0,0,0,8,65,0,141,5,0,0,0,0,8,2,25,11,9,2,0,0,0,0,6,0,2,0,0,0,0,1,0,0,0,0,0,1,0,0,0,0,6,0,0,0,0,0,0,0,0,0,0,0,0,0,1,0,0,0,0,0,0,0,0,2,0,9,0,0,0,127,0,0,0,2,0
2017,Puako,1,T2,0,37,0,0,0,0,0,0,0,48,0,0,0,2,0,2,0,0,0,1,0,0,0,8,0,0,4,0,0,0,0,0,0,0,0,0,0,1,0,2,0,0,0,0,0,0,0,0,15,64,2,59,4,0,0,1,0,2,0,0,0,5,0,0,0,0,0,0,0,1,0,0,0,0,0,0,0,0,0,0,0,0,0,0,0,0,0,2,0,0,1,0,1,0,0,0,0,0,0,0,0,0,0,0,0,0,2,0,0,0,0,0,0,0,110,1,0,1,0,0
2017,Puako,2,T2,0,20,0,0,1,2,0,0,3,11,0,0,0,0,0,0,0,0,0,0,0,0,0,11,6,0,0,1,0,0,0,0,0,0,0,0,0,4,0,0,0,0,0,0,0,0,0,0,32,30,0,44,10,0,0,5,0,2,2,30,0,5,5,0,0,0,4,16,0,5,0,0,0,0,0,0,0,0,0,0,0,4,0,0,0,3,0,0,0,0,0,0,0,0,0,0,0,0,0,0,0,0,0,0,0,0,0,0,0,0,0,0,0,0,105,0,0,0,11,0
2017,Puako,5,T2,0,0,0,0,0,0,0,0,0,0,0,0,0,0,0,0,0,0,0,0,0,0,0,0,0,0,0,0,0,0,0,0,0,0,0,0,0,0,0,0,0,0,0,0,0,0,0,0,0,0,0,14,1,0,0,0,0,2,0,0,0,4,0,0,0,0,0,0,0,0,0,0,0,0,0,0,0,2,0,0,0,0,0,0,0,1,0,0,0,0,0,0,0,0,0,0,0,0,0,0,0,0,0,0,0,0,0,0,0,0,0,0,0,0,9,0,0,0,1,0
2018,Captan Cook,8,T2,0,58,0,0,4,0,0,0,4,0,0,30,0,0,0,0,0,0,0,0,0,0,0,1,4,0,0,0,0,0,0,0,0,0,0,0,0,1,0,0,1,1,0,0,0,0,0,0,0,151,0,90,4,0,0,10,0,2,7,0,9,17,3,0,0,0,0,0,0,0,0,0,0,0,0,0,0,0,0,0,0,2,0,0,0,4,0,0,0,0,0,0,0,0,0,0,0,0,0,0,0,0,0,0,0,0,0,0,0,0,0,0,0,0,172,0,0,3,0,0
2018,Mahukona,6,T2,0,6,0,0,0,0,0,1,0,0,0,6,0,0,0,2,0,0,1,0,0,0,0,0,11,0,0,0,0,0,0,0,0,0,0,0,0,0,0,0,0,0,0,0,0,0,0,0,0,10,0,21,2,0,0,6,0,1,9,1,0,3,5,0,0,0,0,0,0,0,0,0,0,0,0,0,0,0,0,0,0,0,0,0,0,2,0,1,0,0,2,0,0,0,0,0,0,0,0,0,0,0,0,0,0,0,0,0,0,0,0,0,0,0,11,0,0,140,0,0
2018,Mahukona,7,T2,0,0,0,0,1,0,0,2,0,0,0,40,0,0,0,5,0,0,1,0,0,0,0,1,4,0,0,1,0,0,0,0,1,0,0,0,0,0,0,0,0,0,0,0,0,0,0,0,9,51,0,42,5,0,0,5,0,0,6,7,3,6,3,0,0,0,2,3,0,3,0,0,0,0,0,0,0,0,0,0,0,0,0,0,0,6,0,0,0,0,7,0,0,0,0,0,0,0,0,0,0,0,0,2,0,0,0,0,0,0,0,0,0,0,20,0,0,0,0,0
2018,Old Kona,3,T2,0,0,0,0,0,0,0,0,2,7,0,130,0,0,0,1,0,0,0,0,0,0,0,3,0,0,0,1,0,2,0,0,0,0,0,0,0,4,0,0,0,0,0,0,0,0,0,0,13,72,0,117,2,0,0,1,0,4,10,17,8,15,2,1,0,0,0,3,0,0,0,0,0,4,0,0,0,1,0,0,0,0,0,2,0,8,0,0,0,0,0,0,0,0,0,0,0,0,0,0,0,0,0,2,0,0,0,0,0,0,0,0,0,0,106,0,0,0,0,0
2018,Old Kona,4,T2,2,0,0,0,0,1,1,0,2,1,0,90,0,0,0,0,0,0,0,0,0,2,0,3,0,0,0,0,0,0,0,0,0,2,0,0,0,2,3,0,0,0,0,9,0,0,0,0,0,40,0,147,3,0,0,2,0,3,4,8,19,11,2,0,0,0,0,2,0,5,0,0,0,1,0,0,0,2,0,2,0,0,0,0,0,6,0,0,0,0,0,0,1,0,0,0,0,0,0,0,0,0,0,0,0,0,0,0,0,0,28,0,0,1,200,0,0,0,1,0
2018,Puako,1,T2,0,20,0,0,0,0,1,0,0,15,0,0,0,0,0,0,0,0,0,0,0,0,0,5,0,0,0,0,0,0,0,0,0,0,0,0,0,2,0,0,0,0,0,0,0,0,0,0,30,46,0,48,0,0,0,3,0,3,0,6,0,1,1,0,0,0,0,0,0,8,0,0,0,0,0,0,0,1,0,0,0,2,0,0,0,0,0,2,1,0,0,0,0,0,0,0,0,0,0,0,0,0,0,0,0,0,1,0,0,0,0,0,1,0,79,0,0,0,1,0
2018,Puako,2,T2,0,26,0,0,1,1,0,0,6,14,0,0,0,1,0,4,0,0,0,0,0,0,0,4,1,0,0,0,0,0,0,0,0,0,0,0,0,5,0,1,2,0,0,0,0,0,0,0,20,50,0,19,8,0,0,7,0,1,1,65,0,2,5,0,0,0,2,1,0,2,5,0,0,0,0,0,0,1,0,0,0,5,0,2,0,15,0,0,0,0,0,0,0,0,0,0,0,0,0,0,0,0,0,1,0,0,1,0,0,0,0,0,0,0,94,0,0,0,1,0
2018,Puako,5,T2,0,52,0,0,0,0,0,0,0,3,0,0,0,0,0,0,0,0,0,0,0,0,0,2,3,0,0,0,1,0,0,0,0,0,0,0,0,14,0,0,1,0,0,0,0,0,0,0,0,54,0,22,2,1,0,2,0,1,0,0,0,4,0,0,0,0,0,0,0,2,0,0,0,5,0,0,0,0,0,0,0,1,1,0,2,3,0,0,0,0,3,0,0,0,0,0,0,0,0,0,0,0,0,2,0,0,0,0,0,0,0,0,0,0,44,0,0,66,4,0
2019,Captan Cook,8,T2,0,135,0,0,0,0,1,0,2,3,0,147,0,0,0,0,0,1,0,0,0,0,0,1,5,0,0,0,0,0,0,0,0,1,0,0,0,2,0,1,1,0,1,0,0,2,0,0,0,66,0,63,4,0,0,3,0,2,4,8,11,23,3,0,0,0,0,1,0,4,0,0,0,0,0,0,0,3,0,0,2,0,0,1,0,8,0,0,0,0,0,0,0,0,0,0,0,0,0,0,0,0,0,0,0,0,1,0,0,0,0,0,0,0,133,0,0,0,0,0
2019,Mahukona,6,T2,0,10,0,0,1,0,0,5,0,0,0,5,0,0,0,0,0,0,1,1,0,0,0,1,3,0,0,0,0,0,0,0,0,0,0,0,0,1,0,0,0,0,0,0,0,0,0,0,0,31,0,35,7,0,0,2,0,0,7,0,6,5,4,0,0,0,0,0,0,1,0,0,0,0,0,0,0,3,0,0,0,0,0,0,0,2,0,0,0,0,6,0,0,0,0,0,0,0,0,0,0,0,0,0,0,1,0,1,0,0,0,0,0,0,31,0,0,97,0,0
2019,Mahukona,7,T2,0,1,0,0,1,0,0,1,0,0,0,1,0,0,0,0,0,0,3,0,0,0,0,0,3,0,5,0,0,0,0,0,0,0,0,0,0,0,0,0,0,0,0,0,0,0,0,0,0,39,0,70,8,0,0,5,0,1,8,1,8,9,0,0,2,0,0,1,0,0,0,0,0,0,0,0,0,1,0,0,2,0,0,0,0,4,0,0,0,0,1,0,0,0,0,0,0,0,0,0,0,0,0,0,0,0,0,0,0,0,0,0,0,0,22,0,0,1,0,0
2019,Old Kona,3,T2,0,0,0,0,0,0,0,0,6,4,0,215,0,0,0,0,0,0,0,0,0,0,0,9,0,0,0,0,0,1,0,0,0,0,0,0,0,4,0,0,0,0,0,0,0,0,0,0,31,49,0,142,8,0,0,2,0,1,4,52,10,23,5,0,0,0,1,5,0,1,0,0,0,0,0,0,0,1,0,0,1,0,0,0,0,13,0,0,0,0,0,0,0,0,0,0,0,0,0,1,0,2,0,1,0,0,1,0,0,0,0,0,0,0,107,0,0,0,1,0
2019,Old Kona,4,T2,0,0,0,0,0,0,0,0,0,7,0,65,0,0,0,0,0,0,0,1,0,0,0,10,0,0,0,0,0,1,0,0,0,2,0,0,0,0,1,0,4,0,0,1,0,0,0,0,4,42,0,140,6,0,0,0,0,4,0,58,8,21,1,0,0,0,0,12,0,5,0,0,0,4,0,0,0,2,0,0,0,0,0,0,0,7,0,0,0,0,0,0,0,0,0,0,0,0,0,0,0,0,0,0,0,0,1,0,1,0,13,0,0,0,152,0,0,0,1,0
2019,Puako,1,T2,0,50,0,0,0,0,0,0,3,5,0,0,0,1,0,2,0,0,0,0,0,0,0,6,5,0,2,0,0,0,0,0,0,0,0,0,0,5,0,0,1,0,0,0,0,0,0,0,119,34,0,67,6,0,0,3,0,1,4,21,0,2,2,0,0,0,3,0,0,2,0,0,0,6,0,0,1,0,0,0,0,4,0,0,0,3,0,0,0,0,0,0,0,0,0,1,0,0,0,0,0,0,0,0,8,0,0,0,0,0,0,0,0,0,99,0,0,0,0,0
2019,Puako,2,T2,0,104,0,0,1,1,1,0,6,5,0,133,0,0,0,0,0,0,0,0,0,0,1,5,6,0,0,0,0,0,0,0,0,0,0,0,0,11,0,0,2,0,0,0,0,0,0,0,1,56,0,18,7,0,0,11,0,3,6,82,1,8,6,0,0,0,2,10,0,5,0,0,0,1,0,0,0,1,0,0,0,3,0,2,0,5,0,0,0,0,0,0,0,0,0,0,0,0,0,0,0,0,0,1,0,0,0,0,0,0,1,0,0,0,92,0,0,0,5,0
2019,Puako,5,T2,0,63,0,0,0,0,1,1,3,4,0,0,0,0,0,0,0,0,0,0,0,1,1,1,0,0,0,2,0,0,0,0,0,0,0,0,0,8,0,0,0,0,0,0,0,0,0,0,0,16,0,40,2,0,0,3,0,0,5,0,0,3,3,0,0,0,0,0,0,4,0,0,0,0,0,0,0,0,0,0,0,1,0,0,0,9,0,0,0,0,0,0,0,0,0,0,0,0,0,0,0,0,0,0,0,0,0,0,0,0,0,0,0,0,22,0,0,0,1,0
2009,Captan Cook,8,T3,,,,,,,,,,,,,,,,,,,,,,,,,,,,,,,,,,,,,,,,,,,,,,,,,,,,,,,,,,,,,,,,,,,,,,,,,,,,,,,,,,,,,,,,,,,,,,,,,,,,,,,,,,,,,,,,,,,,,,,,
2009,Mahukona,6,T3,,,,,,,,,,,,,,,,,,,,,,,,,,,,,,,,,,,,,,,,,,,,,,,,,,,,,,,,,,,,,,,,,,,,,,,,,,,,,,,,,,,,,,,,,,,,,,,,,,,,,,,,,,,,,,,,,,,,,,,,
2009,Mahukona,7,T3,,,,,,,,,,,,,,,,,,,,,,,,,,,,,,,,,,,,,,,,,,,,,,,,,,,,,,,,,,,,,,,,,,,,,,,,,,,,,,,,,,,,,,,,,,,,,,,,,,,,,,,,,,,,,,,,,,,,,,,,
2009,Old Kona,3,T3,0,0,0,0,0,0,0,0,2,0,0,410,0,0,0,0,0,0,0,0,0,0,0,2,0,0,0,0,0,0,0,0,0,0,0,0,0,1,0,0,0,0,0,0,0,2,0,0,0,15,0,36,1,0,0,2,0,1,0,2,4,4,1,0,0,0,0,20,0,0,0,0,0,1,0,0,0,0,0,0,0,0,0,0,0,3,0,0,0,0,0,0,0,0,0,0,0,0,0,0,0,0,0,0,0,0,0,0,0,0,0,0,0,0,26,0,0,0,1,0
2009,Old Kona,4,T3,5,0,0,0,0,0,0,0,3,0,0,245,0,0,0,0,0,0,0,0,0,0,0,0,0,0,0,0,0,0,0,0,0,4,0,0,0,4,0,0,2,0,0,0,0,0,0,0,3,10,0,63,0,0,0,2,0,4,4,12,6,9,0,0,0,0,0,11,0,3,0,0,0,0,0,0,0,3,0,0,0,0,0,0,0,10,0,2,0,0,0,0,0,0,0,0,0,0,0,0,0,0,0,0,0,0,0,0,0,0,155,0,0,0,71,0,0,0,0,0
2009,Puako,1,T3,0,0,0,0,0,0,0,0,1,0,0,0,0,0,0,0,0,0,0,0,0,0,0,1,5,0,0,0,0,0,0,0,0,0,0,0,0,0,0,0,0,0,0,0,0,0,0,0,0,2,0,5,2,0,0,1,0,0,1,8,0,0,0,0,0,0,0,1,0,3,0,0,0,0,0,0,0,1,0,0,0,0,0,0,0,1,0,0,0,0,0,0,0,0,0,0,0,0,0,0,0,0,0,0,0,0,0,0,0,0,0,0,0,0,39,0,0,0,0,0
2009,Puako,2,T3,0,0,0,0,0,0,0,0,1,0,0,20,0,0,0,0,4,0,0,0,0,0,0,0,0,0,0,0,0,0,0,0,0,0,0,0,0,0,0,1,2,0,0,0,0,0,0,0,0,3,0,0,0,0,0,0,0,0,0,0,9,0,0,2,0,0,0,29,0,0,0,0,0,0,0,0,0,0,0,0,0,0,0,3,0,0,0,0,0,0,0,0,0,0,0,0,0,0,0,0,0,0,0,0,0,0,1,0,0,0,0,0,1,0,68,0,0,0,0,0
2009,Puako,5,T3,0,0,0,0,0,0,0,0,0,0,0,0,0,0,0,0,0,0,0,0,0,0,0,0,0,0,0,0,0,1,0,0,0,0,0,0,0,0,0,0,0,0,1,0,0,0,0,0,2,3,0,11,2,0,0,0,2,2,0,2,7,1,2,0,0,0,0,0,0,1,0,0,0,0,0,0,0,0,0,0,0,0,0,0,0,1,0,0,0,0,0,0,0,0,0,0,0,0,0,0,0,0,0,2,0,0,0,0,0,0,22,0,0,0,22,0,0,60,0,0
2010,Captan Cook,8,T3,,,,,,,,,,,,,,,,,,,,,,,,,,,,,,,,,,,,,,,,,,,,,,,,,,,,,,,,,,,,,,,,,,,,,,,,,,,,,,,,,,,,,,,,,,,,,,,,,,,,,,,,,,,,,,,,,,,,,,,,
2010,Mahukona,6,T3,0,1,0,0,0,0,0,0,0,0,0,10,0,0,0,0,0,0,0,0,0,0,0,0,4,0,0,0,0,0,0,0,0,0,0,0,0,0,0,0,0,0,0,0,0,0,0,0,0,11,0,11,4,0,0,3,0,0,4,1,1,2,1,0,0,0,0,0,0,0,0,0,0,0,0,0,0,1,0,0,0,0,0,0,0,5,0,0,0,0,3,0,0,0,0,0,0,0,0,0,0,0,0,2,0,0,0,0,0,0,0,0,0,1,31,0,0,1,0,0
2010,Mahukona,7,T3,0,8,0,0,2,0,0,0,2,0,0,0,0,0,0,0,0,0,0,0,0,0,0,0,0,0,0,0,0,0,0,0,0,0,0,0,0,1,0,0,0,0,0,0,0,0,0,0,0,8,0,5,4,0,0,10,0,0,0,0,4,0,0,0,1,0,1,0,0,0,0,0,0,0,0,0,0,0,0,0,0,0,0,0,0,8,0,0,0,0,1,0,0,0,0,0,0,0,0,0,0,0,0,0,0,0,0,0,0,0,0,0,0,0,8,0,0,1,0,0
2010,Old Kona,3,T3,0,0,0,0,0,0,0,0,0,0,0,665,0,0,0,0,0,0,0,0,0,1,0,5,0,0,0,0,0,0,0,0,0,0,0,0,0,6,0,0,3,0,0,0,0,0,0,0,0,38,0,69,2,0,0,2,0,3,0,6,2,4,2,0,0,0,3,8,0,0,0,0,0,0,0,0,0,3,0,0,0,0,0,0,0,0,0,0,0,0,0,0,0,0,0,0,0,0,0,0,11,0,0,0,0,0,0,0,0,0,2,0,0,1,76,0,0,0,0,0
2010,Old Kona,4,T3,2,0,0,0,1,0,1,0,0,0,1,400,0,0,0,0,0,0,0,0,0,0,0,4,0,0,2,0,0,5,0,0,1,1,0,0,0,0,0,0,0,0,0,0,0,0,0,0,6,7,0,91,0,0,0,2,0,5,1,7,4,8,3,0,0,0,1,8,0,1,0,0,0,0,0,0,0,3,1,0,6,0,0,0,0,0,1,0,0,0,0,0,0,0,0,0,0,0,0,0,8,0,0,0,0,0,0,0,0,0,18,0,0,0,59,0,0,0,2,0
2010,Puako,1,T3,0,1,0,0,0,0,0,0,1,0,0,0,0,0,0,0,0,0,0,0,0,0,0,2,7,0,0,0,0,0,0,0,0,0,0,0,0,8,0,0,1,0,0,0,0,0,0,0,0,31,0,11,1,0,0,1,0,0,0,2,0,1,3,0,0,0,2,0,0,3,0,0,0,0,0,0,0,0,0,0,0,0,0,0,0,5,0,0,0,0,0,0,0,0,0,0,0,0,0,0,0,0,0,2,0,0,0,0,0,0,0,0,0,0,40,0,0,0,0,0
2010,Puako,2,T3,0,0,0,0,4,0,0,0,1,0,0,0,0,0,0,0,0,0,0,0,0,0,0,0,1,0,0,0,0,0,0,0,0,0,0,0,0,0,0,0,2,0,0,0,0,0,0,0,0,15,0,3,3,0,0,0,0,0,0,7,1,0,0,0,2,0,2,0,0,1,0,0,0,0,0,0,0,0,0,0,0,0,1,0,0,1,0,0,0,0,0,0,0,0,0,0,0,0,0,0,0,0,0,0,0,0,0,0,0,0,0,0,0,0,42,0,0,0,0,0
2010,Puako,5,T3,0,0,0,0,0,0,0,0,8,0,0,0,0,0,0,2,0,0,0,0,0,0,0,0,0,0,0,0,0,0,0,0,0,0,0,0,0,3,0,0,0,0,1,0,0,0,0,0,0,16,0,22,4,0,0,3,0,0,1,1,1,0,0,1,0,0,0,0,0,4,0,0,0,2,0,0,0,2,0,0,0,1,0,0,0,8,0,0,0,0,0,0,0,0,0,0,0,0,0,0,0,0,0,1,0,0,0,0,0,0,0,0,0,1,19,0,0,0,1,0
2011,Captan Cook,8,T3,,,,,,,,,,,,,,,,,,,,,,,,,,,,,,,,,,,,,,,,,,,,,,,,,,,,,,,,,,,,,,,,,,,,,,,,,,,,,,,,,,,,,,,,,,,,,,,,,,,,,,,,,,,,,,,,,,,,,,,,
2011,Mahukona,6,T3,0,0,0,0,0,0,0,0,0,0,0,25,0,0,0,0,0,0,0,0,0,0,0,1,10,0,0,0,0,0,0,0,0,0,0,0,0,2,0,0,0,0,0,0,0,0,0,0,2,10,0,21,0,0,0,6,0,0,5,0,1,0,3,0,0,0,0,0,0,0,0,0,0,0,0,0,0,0,0,0,0,0,0,2,0,1,0,0,0,0,2,0,0,0,0,0,0,0,0,0,0,0,0,0,0,0,1,0,0,0,0,0,0,0,5,0,0,0,0,0
2011,Mahukona,7,T3,0,0,0,0,0,0,0,0,2,0,0,0,0,0,0,0,0,0,0,0,0,0,0,0,0,0,0,0,0,0,0,0,0,0,0,0,0,0,0,0,0,0,0,0,0,0,0,0,0,8,0,9,3,0,0,3,0,0,4,0,2,0,1,0,0,0,1,0,0,0,0,0,0,0,0,0,0,0,0,0,0,0,0,0,0,5,0,0,0,0,0,0,0,0,0,0,0,0,0,0,0,0,0,0,0,0,0,0,0,0,0,0,0,0,14,0,0,2,0,0
2011,Old Kona,3,T3,0,0,0,0,0,0,0,0,3,0,0,400,0,0,0,0,0,0,0,0,0,0,0,5,0,0,0,0,0,0,0,0,0,0,0,0,0,1,0,0,0,0,0,0,0,1,0,0,0,32,0,40,3,0,0,3,0,3,0,5,11,7,2,0,0,0,0,24,0,0,0,0,0,0,0,0,0,1,1,0,0,0,0,0,0,4,0,0,0,0,0,0,0,0,0,0,0,0,0,0,0,0,0,4,0,0,0,0,0,0,0,0,0,0,41,0,0,0,1,0
2011,Old Kona,4,T3,2,0,0,0,0,0,0,0,1,0,0,195,0,0,0,0,0,0,0,0,0,0,0,6,0,0,1,0,0,0,0,0,0,0,0,0,0,2,0,0,0,0,0,0,0,0,0,0,7,21,0,66,2,0,0,0,0,8,1,5,6,6,3,0,0,0,0,19,0,3,0,0,0,1,0,0,0,0,1,0,0,1,0,0,0,7,0,0,0,0,0,0,0,1,0,0,0,0,0,0,0,0,0,0,0,0,0,0,0,0,14,0,0,0,67,0,0,0,1,0
2011,Puako,1,T3,0,24,0,0,0,0,0,0,0,0,0,0,0,0,0,0,0,0,0,0,0,0,0,2,0,0,0,0,0,0,0,0,0,0,0,0,0,5,0,0,0,0,0,0,0,0,0,0,0,33,0,12,1,0,0,0,0,0,4,2,0,1,0,0,2,0,0,0,0,9,0,0,0,0,0,0,0,0,0,0,0,1,0,0,0,0,0,0,0,0,0,0,0,0,0,0,0,0,0,0,0,0,0,0,0,0,0,0,0,0,0,0,0,0,33,0,0,0,0,0
2011,Puako,2,T3,0,3,0,0,0,0,0,0,2,0,0,0,0,0,0,0,0,0,0,0,0,0,0,1,1,20,0,1,0,3,0,0,0,0,0,0,0,7,0,0,0,0,0,0,0,0,0,0,0,22,0,7,5,0,0,0,0,4,1,1,3,4,4,0,2,0,0,5,0,4,1,0,0,0,0,0,0,13,1,0,0,1,0,1,0,0,0,0,0,0,0,0,0,0,0,0,0,0,0,0,0,0,0,1,0,0,0,0,0,0,0,0,0,0,76,0,0,1,3,0
2011,Puako,5,T3,0,0,0,0,0,0,0,0,1,0,0,0,0,0,0,0,0,0,0,0,0,1,0,1,0,0,0,0,0,0,0,0,0,0,0,0,0,4,0,0,2,0,0,0,0,0,0,0,0,4,0,17,6,0,0,0,0,0,0,0,3,2,4,0,0,0,0,0,0,1,0,0,0,0,0,0,0,3,0,0,0,0,0,0,0,1,0,0,0,0,0,0,0,0,0,0,0,0,0,0,0,0,0,0,0,0,0,0,0,0,1,0,0,0,13,0,0,2,3,0
2012,Captan Cook,8,T3,,,,,,,,,,,,,,,,,,,,,,,,,,,,,,,,,,,,,,,,,,,,,,,,,,,,,,,,,,,,,,,,,,,,,,,,,,,,,,,,,,,,,,,,,,,,,,,,,,,,,,,,,,,,,,,,,,,,,,,,
2012,Mahukona,6,T3,0,6,0,0,1,0,0,0,1,0,0,60,0,0,0,0,0,0,0,0,0,0,0,2,8,0,0,0,0,0,0,0,0,0,0,0,0,0,0,0,0,0,0,0,0,0,0,0,0,11,0,27,0,0,0,4,0,0,4,0,1,0,3,0,0,0,0,0,0,0,0,0,0,0,0,0,0,0,0,0,0,0,0,0,0,2,0,0,0,0,0,0,0,0,0,0,0,0,0,0,2,0,0,0,0,0,0,0,0,0,0,0,0,0,7,0,0,1,0,0
2012,Mahukona,7,T3,0,0,0,0,2,0,0,0,0,0,0,52,0,0,0,0,0,0,0,0,0,1,2,1,0,0,0,0,0,0,0,0,0,0,0,0,0,0,1,0,0,0,0,0,0,0,0,0,0,9,0,3,0,0,0,1,0,0,0,0,0,1,0,0,0,0,0,0,0,2,0,0,0,1,0,0,0,0,0,0,0,1,0,0,0,2,0,0,0,0,0,0,0,0,0,0,0,0,0,0,0,0,0,0,0,0,0,0,0,0,0,0,0,0,8,0,0,0,0,0
2012,Old Kona,3,T3,0,0,24,0,1,0,0,0,1,0,0,240,0,0,0,0,0,0,0,0,0,0,1,3,0,0,0,0,0,0,0,0,0,0,0,0,0,4,0,0,1,0,0,0,0,0,0,0,7,42,0,70,0,0,0,1,0,2,0,5,3,7,2,0,0,0,2,0,0,1,0,0,0,1,0,0,0,0,0,0,0,0,0,0,0,3,0,0,0,0,0,0,0,0,0,0,0,0,0,0,6,0,0,2,0,0,0,0,0,0,1,0,0,0,71,0,0,0,2,0
2012,Old Kona,4,T3,,,,,,,,,,,,,,,,,,,,,,,,,,,,,,,,,,,,,,,,,,,,,,,,,,,,,,,,,,,,,,,,,,,,,,,,,,,,,,,,,,,,,,,,,,,,,,,,,,,,,,,,,,,,,,,,,,,,,,,,
2012,Puako,1,T3,0,2,21,0,0,2,0,0,3,0,0,0,0,0,0,0,0,0,0,0,0,0,0,3,5,0,0,0,0,0,0,0,0,0,0,0,0,7,2,2,2,0,0,0,0,0,0,0,11,35,0,60,0,0,0,3,0,0,2,4,0,7,1,0,0,0,5,0,0,6,0,0,0,0,0,0,0,0,0,0,0,1,0,0,0,2,0,0,0,0,0,0,0,2,0,0,0,0,0,0,4,0,0,0,0,0,1,0,0,0,0,0,0,0,63,0,0,0,3,0
2012,Puako,2,T3,,,,,,,,,,,,,,,,,,,,,,,,,,,,,,,,,,,,,,,,,,,,,,,,,,,,,,,,,,,,,,,,,,,,,,,,,,,,,,,,,,,,,,,,,,,,,,,,,,,,,,,,,,,,,,,,,,,,,,,,
2012,Puako,5,T3,0,2,0,0,0,0,0,0,2,0,0,0,0,0,0,0,0,0,0,0,0,0,3,1,0,0,0,0,0,0,0,0,0,0,0,0,0,5,0,0,0,0,0,0,0,0,0,0,0,12,0,14,0,0,0,4,0,2,0,1,4,8,1,0,2,0,2,0,0,2,1,0,0,0,0,0,0,0,0,0,0,0,0,0,0,1,0,0,0,0,0,0,0,0,0,0,0,0,0,0,3,0,0,2,0,0,0,0,0,0,0,0,0,0,22,0,0,0,6,0
2013,Captan Cook,8,T3,,,,,,,,,,,,,,,,,,,,,,,,,,,,,,,,,,,,,,,,,,,,,,,,,,,,,,,,,,,,,,,,,,,,,,,,,,,,,,,,,,,,,,,,,,,,,,,,,,,,,,,,,,,,,,,,,,,,,,,,
2013,Mahukona,6,T3,0,4,0,0,0,0,0,0,0,0,0,8,0,1,0,0,0,0,0,0,0,0,0,0,5,0,0,0,0,1,0,0,0,0,0,0,0,4,0,0,0,0,0,0,0,0,0,0,0,27,0,19,4,0,0,4,0,0,3,1,3,1,4,0,4,0,0,0,0,4,0,0,0,0,0,0,0,2,0,0,0,0,0,0,0,0,0,0,0,0,3,0,0,0,0,0,0,0,0,0,5,0,0,0,0,0,0,0,0,0,0,0,0,0,10,0,0,64,0,0
2013,Mahukona,7,T3,0,0,0,0,0,2,0,0,1,0,0,5,0,0,0,0,0,0,0,0,0,0,0,2,0,0,0,0,0,0,0,0,0,0,0,0,0,1,0,0,0,0,0,0,0,0,0,0,0,15,0,29,8,0,0,6,0,0,8,0,8,2,3,1,0,0,0,0,0,0,0,0,0,0,0,0,0,4,0,0,0,0,0,0,0,11,0,0,0,0,1,0,0,0,0,0,0,0,0,1,0,0,0,2,0,0,0,0,0,0,0,0,0,0,17,0,0,3,1,0
2013,Old Kona,3,T3,1,0,0,0,0,0,0,0,0,0,0,505,0,0,0,0,0,0,0,0,0,0,0,8,0,0,0,0,0,1,0,0,0,0,0,0,0,3,0,1,1,0,2,0,0,0,0,0,8,72,0,101,4,0,0,2,0,0,0,15,8,5,2,0,0,0,1,5,0,1,0,0,0,1,0,0,0,1,0,0,0,0,0,0,0,9,0,0,0,0,0,0,0,0,0,0,0,0,0,0,0,0,0,0,0,0,0,0,0,0,0,0,0,0,91,0,0,0,1,0
2013,Old Kona,4,T3,2,0,0,0,0,2,0,0,5,0,0,520,0,0,0,0,1,0,0,0,1,0,0,25,0,0,0,0,0,2,0,0,0,2,0,0,0,5,0,0,0,0,22,0,0,0,0,0,6,77,0,158,3,0,0,0,0,10,4,30,5,6,4,0,0,0,2,5,0,5,0,0,0,0,0,0,0,2,0,0,1,0,0,0,0,10,0,2,0,0,0,0,0,0,0,0,0,0,0,0,0,0,0,0,0,0,0,0,0,0,0,0,0,0,178,0,2,0,2,0
2013,Puako,1,T3,1,103,0,0,0,2,0,0,0,0,0,0,0,0,0,0,0,0,0,0,0,0,0,36,18,3,10,0,0,0,0,0,0,0,0,0,0,5,0,0,2,0,3,0,0,0,0,0,17,96,0,17,6,0,0,2,0,1,2,23,7,8,3,0,0,0,0,46,2,8,0,0,0,1,0,0,0,0,0,0,2,0,1,1,1,0,0,2,0,0,0,0,0,0,0,0,0,0,0,0,0,0,0,0,0,0,0,0,0,0,0,0,0,0,120,0,0,0,2,0
2013,Puako,2,T3,0,2,0,0,0,0,0,0,1,0,0,0,0,0,0,0,0,0,0,0,0,0,0,3,3,0,5,0,0,1,0,0,0,0,0,0,0,16,0,1,1,0,0,0,0,0,0,0,165,6,0,40,3,0,0,3,0,0,7,43,7,8,3,2,0,0,2,23,0,4,1,0,0,3,0,0,0,1,0,0,0,0,0,0,0,1,0,0,0,0,0,0,0,0,0,0,0,0,0,0,0,0,0,0,0,0,0,0,0,0,0,0,0,0,96,0,0,0,2,0
2013,Puako,5,T3,0,0,0,0,0,0,0,0,1,3,0,0,0,0,0,0,0,0,0,0,0,0,0,1,1,0,0,0,0,0,0,0,0,0,0,0,0,5,0,0,0,0,0,0,0,0,0,0,0,12,0,12,2,0,0,2,0,0,0,0,1,1,3,0,2,0,0,4,0,2,0,0,0,0,0,0,0,1,0,0,0,0,0,0,0,2,0,0,0,0,0,0,0,0,0,0,0,0,0,0,0,0,0,1,0,0,0,0,0,0,0,0,0,0,29,1,0,0,3,0
2014,Captan Cook,8,T3,0,75,0,0,2,0,0,0,3,0,0,130,0,0,0,0,0,0,0,0,2,0,0,5,12,0,0,0,0,0,0,0,0,0,0,0,0,2,0,0,0,0,0,0,0,2,0,0,0,70,0,78,2,0,0,3,0,0,7,5,13,5,4,0,0,0,2,0,0,2,0,0,0,2,0,0,0,3,0,0,0,2,0,0,0,2,0,0,0,0,0,0,0,0,0,0,0,0,0,0,0,0,0,0,0,0,0,0,0,0,0,0,0,0,188,0,0,1,0,0
2014,Mahukona,6,T3,0,2,0,0,0,0,1,0,0,0,0,0,0,0,0,0,0,0,0,0,0,0,0,0,2,0,0,0,0,0,0,0,0,0,0,0,0,4,0,0,0,0,0,0,0,0,0,0,0,39,0,7,5,0,0,5,0,0,2,0,0,5,2,0,0,0,0,0,0,1,0,0,0,0,0,0,0,0,0,0,0,0,0,0,0,4,0,0,0,0,0,0,0,0,0,0,0,0,0,0,0,0,0,2,0,0,0,0,0,0,0,0,0,0,9,0,0,0,0,0
2014,Mahukona,7,T3,,,,,,,,,,,,,,,,,,,,,,,,,,,,,,,,,,,,,,,,,,,,,,,,,,,,,,,,,,,,,,,,,,,,,,,,,,,,,,,,,,,,,,,,,,,,,,,,,,,,,,,,,,,,,,,,,,,,,,,,
2014,Old Kona,3,T3,2,0,0,0,0,3,0,0,2,0,0,355,0,0,0,1,0,0,0,0,0,1,0,13,0,0,0,0,0,0,0,0,0,0,0,0,0,2,0,0,2,0,1,0,0,0,0,0,6,73,0,90,1,0,0,1,0,3,2,4,28,7,0,3,0,0,2,4,0,1,0,0,0,1,0,0,0,5,0,0,0,0,0,0,0,17,0,1,0,0,0,0,0,0,0,0,0,0,0,0,0,0,0,0,0,0,0,0,0,0,1,0,0,1,108,0,0,0,2,0
2014,Old Kona,4,T3,1,0,0,0,0,1,0,0,1,0,0,190,0,0,0,0,0,0,0,0,0,0,0,13,0,0,1,0,0,0,0,0,0,13,0,0,0,7,0,0,2,0,1,0,0,1,0,0,34,99,0,184,6,0,0,4,0,8,0,23,6,12,2,1,0,0,3,14,0,5,0,0,0,1,0,0,0,0,0,0,0,0,0,0,0,7,0,2,0,0,0,0,0,0,0,0,0,0,0,0,0,0,0,3,0,0,1,0,13,0,66,0,0,0,164,0,0,0,4,0
2014,Puako,1,T3,0,27,0,0,0,1,0,0,1,0,0,0,0,0,0,2,0,0,0,0,0,0,0,1,0,0,0,0,0,0,0,0,0,0,0,0,0,5,1,0,1,0,0,0,0,0,0,0,85,25,0,33,1,0,0,1,0,0,5,4,0,0,2,0,0,0,0,0,0,3,0,0,0,0,0,0,0,0,0,0,0,0,0,0,0,1,0,0,0,0,0,0,0,0,0,0,0,0,0,0,0,0,0,3,0,0,0,0,0,0,3,0,0,0,85,0,0,0,0,0
2014,Puako,2,T3,0,11,0,0,1,0,0,0,3,0,0,0,0,0,0,0,0,0,0,0,0,0,0,1,2,0,0,0,0,0,0,0,0,0,0,0,0,10,0,1,0,0,0,0,0,1,0,0,16,30,0,30,3,0,0,5,0,0,7,8,0,4,1,0,0,0,0,6,0,2,0,0,0,0,0,0,0,0,0,0,0,1,0,2,0,8,0,0,0,0,0,0,0,0,0,0,0,0,0,0,0,0,0,1,0,0,1,0,0,0,0,0,0,0,92,0,0,0,3,0
2014,Puako,5,T3,0,21,0,0,0,0,0,0,1,0,0,0,0,0,0,1,0,0,0,0,0,0,0,1,0,0,0,1,0,1,0,0,0,0,0,0,0,6,0,0,0,0,0,0,0,0,0,0,1,11,0,30,3,0,0,1,0,3,0,0,2,3,2,0,0,0,1,0,0,2,0,0,0,0,0,0,0,0,0,0,0,2,0,0,0,4,0,0,0,0,0,0,0,0,0,0,0,0,0,0,0,0,0,1,0,0,0,0,0,0,0,0,0,0,36,0,0,0,3,0
2015,Captan Cook,8,T3,,,,,,,,,,,,,,,,,,,,,,,,,,,,,,,,,,,,,,,,,,,,,,,,,,,,,,,,,,,,,,,,,,,,,,,,,,,,,,,,,,,,,,,,,,,,,,,,,,,,,,,,,,,,,,,,,,,,,,,,
2015,Mahukona,6,T3,,,,,,,,,,,,,,,,,,,,,,,,,,,,,,,,,,,,,,,,,,,,,,,,,,,,,,,,,,,,,,,,,,,,,,,,,,,,,,,,,,,,,,,,,,,,,,,,,,,,,,,,,,,,,,,,,,,,,,,,
2015,Mahukona,7,T3,,,,,,,,,,,,,,,,,,,,,,,,,,,,,,,,,,,,,,,,,,,,,,,,,,,,,,,,,,,,,,,,,,,,,,,,,,,,,,,,,,,,,,,,,,,,,,,,,,,,,,,,,,,,,,,,,,,,,,,,
2015,Old Kona,3,T3,3,0,0,0,0,1,0,0,1,0,0,80,0,0,0,0,0,0,0,0,0,1,0,10,0,0,0,0,0,0,0,0,0,0,0,0,0,5,0,0,0,0,2,0,0,0,0,0,0,93,0,78,4,0,0,3,0,3,7,30,8,4,2,1,0,0,0,10,0,2,0,0,0,0,0,0,0,2,0,0,0,0,0,0,0,7,0,0,0,0,0,0,0,0,0,0,0,0,0,0,1,0,0,1,0,0,0,0,0,0,0,0,0,0,152,0,0,0,0,0
2015,Old Kona,4,T3,0,0,0,0,0,2,0,0,6,0,0,70,0,0,0,1,0,0,0,0,6,1,0,9,0,0,0,0,0,0,0,0,0,0,0,0,0,5,0,0,2,0,1,0,0,0,0,0,21,107,0,216,1,0,0,1,0,6,4,22,9,5,5,0,0,0,1,4,0,6,0,0,0,4,0,0,0,2,0,0,0,2,0,0,0,6,0,1,0,0,0,0,0,0,0,0,0,0,0,0,0,0,0,0,0,0,0,0,2,0,90,0,0,0,192,0,0,0,2,0
2015,Puako,1,T3,0,0,0,0,0,2,0,0,1,0,0,0,0,0,0,0,0,0,0,0,0,0,0,2,1,0,0,0,0,0,0,0,0,0,0,0,0,4,0,0,0,0,0,0,0,0,0,0,3,35,0,7,7,0,0,0,0,7,8,6,2,0,4,0,0,0,0,0,0,6,0,0,0,0,0,0,0,0,0,0,0,3,0,1,0,3,0,0,0,0,0,0,0,0,0,0,0,0,0,0,0,0,0,0,0,0,0,0,0,0,0,0,0,0,39,0,0,0,1,0
2015,Puako,2,T3,,,,,,,,,,,,,,,,,,,,,,,,,,,,,,,,,,,,,,,,,,,,,,,,,,,,,,,,,,,,,,,,,,,,,,,,,,,,,,,,,,,,,,,,,,,,,,,,,,,,,,,,,,,,,,,,,,,,,,,,
2015,Puako,5,T3,0,0,0,0,0,4,0,0,0,0,0,0,0,0,0,0,0,0,0,0,0,0,0,1,0,0,0,0,0,0,1,0,0,0,0,0,0,0,0,0,0,0,0,0,0,0,0,0,1,16,0,52,5,0,0,2,0,3,0,0,42,3,2,4,0,0,3,0,0,1,0,0,0,0,0,0,0,1,0,0,0,0,0,0,0,1,0,0,0,0,0,0,0,0,0,0,0,0,0,0,0,0,0,0,0,0,0,0,0,0,0,0,0,0,38,0,0,2,3,0
2016,Captan Cook,8,T3,0,150,0,0,0,0,0,5,2,0,0,95,0,0,0,0,0,1,0,0,0,0,0,2,25,0,0,2,0,0,0,0,0,0,0,0,0,2,0,0,3,0,0,0,0,0,0,0,0,36,0,269,1,0,0,6,0,6,10,12,18,8,1,0,0,0,0,0,0,4,0,0,0,0,0,0,0,1,0,0,2,1,0,0,0,5,0,0,0,0,0,0,0,0,0,0,0,0,0,0,0,1,0,0,0,0,0,0,0,0,0,0,0,0,170,0,0,3,0,0
2016,Mahukona,6,T3,0,1,0,0,3,0,1,0,0,0,0,136,0,0,0,0,0,0,3,0,0,0,1,1,1,0,1,0,0,0,0,1,0,0,0,0,0,1,0,0,0,0,0,0,0,0,1,0,0,36,0,46,11,0,0,16,0,0,10,0,3,13,2,0,0,0,2,2,0,2,0,0,0,1,0,0,0,1,0,0,2,0,0,0,2,5,0,0,0,0,0,0,0,0,0,0,0,0,0,0,0,0,0,0,0,0,0,0,0,0,0,0,0,0,39,0,0,0,0,0
2016,Mahukona,7,T3,,,,,,,,,,,,,,,,,,,,,,,,,,,,,,,,,,,,,,,,,,,,,,,,,,,,,,,,,,,,,,,,,,,,,,,,,,,,,,,,,,,,,,,,,,,,,,,,,,,,,,,,,,,,,,,,,,,,,,,,
2016,Old Kona,3,T3,0,0,0,0,0,0,0,0,1,10,0,525,0,0,0,1,0,0,0,0,0,0,0,7,0,0,0,0,0,1,0,0,0,1,0,0,0,6,0,1,0,0,2,0,0,0,0,0,25,49,0,109,4,0,0,3,0,4,1,38,8,2,1,0,2,0,1,5,0,5,0,0,0,2,0,0,0,2,0,0,0,0,0,1,0,7,0,0,0,0,0,0,0,0,0,0,0,0,0,0,0,0,0,0,0,0,0,0,0,0,1,0,0,0,162,0,0,0,0,0
2016,Old Kona,4,T3,1,0,0,0,0,0,0,0,5,0,0,197,0,0,0,0,0,0,0,0,1,0,0,5,0,0,0,2,0,0,0,0,0,1,0,0,0,3,0,0,2,0,0,0,0,0,0,0,17,32,0,121,1,0,0,1,0,13,3,40,17,6,1,0,0,0,0,38,0,5,0,0,0,0,0,0,0,1,0,0,0,0,0,0,0,18,0,0,0,0,0,0,0,0,0,0,0,0,0,0,0,0,0,0,0,0,0,0,8,0,18,0,0,0,202,0,0,0,3,0
2016,Puako,1,T3,0,34,0,0,1,0,0,8,1,28,0,0,0,1,0,0,0,0,0,0,0,0,0,3,7,0,0,0,0,0,0,0,0,0,0,1,0,2,0,0,0,0,0,0,0,0,0,0,2,58,0,41,10,0,0,1,0,2,1,2,0,7,5,0,0,0,6,2,0,4,0,0,0,0,0,0,0,0,0,0,0,2,0,0,0,1,0,0,0,0,0,0,0,0,0,0,0,0,0,0,0,0,0,2,0,0,0,0,0,0,0,0,0,0,114,3,0,1,1,0
2016,Puako,2,T3,0,21,0,0,1,1,0,0,0,7,0,0,0,0,0,0,0,0,0,0,0,0,0,9,1,0,0,0,0,0,0,0,0,0,0,0,0,9,0,0,2,0,0,0,0,0,0,0,49,184,0,32,4,0,0,6,0,3,3,78,2,19,10,0,0,0,2,40,0,3,1,1,0,0,0,0,0,1,0,0,0,2,0,0,0,5,0,5,0,0,0,0,0,0,0,0,0,0,0,0,0,0,0,0,0,0,0,0,0,0,0,0,0,0,174,0,0,0,1,0
2016,Puako,5,T3,0,70,0,0,0,1,0,0,3,3,0,0,0,0,0,0,0,0,0,0,0,0,0,1,4,0,5,0,0,0,0,0,0,0,0,0,0,18,1,0,3,0,1,0,0,0,0,0,2,56,0,43,3,0,0,5,0,2,1,1,3,5,4,0,0,0,3,8,0,5,0,0,0,0,0,0,0,3,0,0,0,2,0,0,0,1,0,0,0,0,0,0,0,0,0,0,0,0,0,0,0,0,0,1,0,0,0,0,0,0,0,0,0,0,63,0,0,31,6,0
2017,Captan Cook,8,T3,,,,,,,,,,,,,,,,,,,,,,,,,,,,,,,,,,,,,,,,,,,,,,,,,,,,,,,,,,,,,,,,,,,,,,,,,,,,,,,,,,,,,,,,,,,,,,,,,,,,,,,,,,,,,,,,,,,,,,,,
2017,Mahukona,6,T3,0,9,0,0,0,0,0,3,0,1,0,5,0,0,0,0,0,0,0,0,0,0,0,0,14,0,0,0,0,0,0,0,0,0,0,0,0,2,0,0,0,0,0,0,0,0,0,1,0,20,0,32,3,0,0,2,0,0,2,2,0,0,1,0,0,0,0,0,0,3,0,0,0,0,0,0,0,1,0,0,0,0,0,1,0,5,0,0,0,0,0,0,0,0,0,0,0,0,0,0,0,0,0,2,0,0,0,0,0,0,0,0,0,0,2,0,0,81,0,0
2017,Mahukona,7,T3,0,0,0,0,1,0,0,1,0,3,0,0,0,0,0,0,0,0,0,0,0,0,0,0,0,0,0,0,0,1,0,0,0,1,0,0,0,0,0,0,0,0,0,0,0,0,2,0,0,33,0,28,4,0,0,3,0,0,6,0,2,6,1,0,0,0,1,0,0,2,0,0,0,0,0,0,0,2,0,0,0,0,0,0,0,5,0,0,0,0,1,0,0,0,0,0,0,0,0,1,0,0,0,2,0,0,0,0,0,0,0,0,1,0,35,0,0,35,2,0
2017,Old Kona,3,T3,2,1,0,0,0,0,0,0,2,0,0,280,0,0,0,1,0,0,0,0,0,0,0,12,0,0,0,0,0,0,0,0,0,0,0,0,0,5,3,0,0,0,0,0,0,0,0,0,20,65,0,141,4,0,0,3,0,4,4,40,6,9,3,0,0,0,2,8,0,0,0,0,0,1,0,0,0,1,0,0,0,0,0,0,0,5,0,0,0,0,0,0,0,0,0,0,0,0,0,1,0,0,0,1,0,0,0,0,0,0,0,0,0,0,150,0,0,1,1,0
2017,Old Kona,4,T3,6,0,0,0,1,1,0,0,2,1,0,55,0,0,0,0,0,0,0,0,4,0,0,3,0,0,1,0,0,0,0,0,0,0,0,0,0,5,0,0,0,0,0,0,0,0,0,0,22,42,0,91,5,0,0,1,0,8,2,42,6,7,0,0,0,0,1,6,0,1,0,0,0,0,1,0,0,1,0,0,0,0,0,1,0,4,0,1,0,0,0,0,0,0,0,0,0,0,0,1,0,0,0,0,0,0,0,0,10,0,2,0,0,0,127,0,0,0,3,0
2017,Puako,1,T3,0,26,0,0,0,0,0,0,0,6,0,0,0,0,0,0,0,0,0,0,0,1,0,7,2,0,0,0,0,0,0,0,0,0,0,0,0,6,0,0,0,0,0,0,0,0,0,0,25,87,0,36,1,0,0,1,0,2,0,5,0,1,3,0,0,0,0,4,0,4,0,0,0,0,0,0,0,0,0,0,0,1,0,0,0,4,0,2,0,0,0,0,0,0,0,0,0,0,0,0,0,0,0,0,0,0,1,0,0,0,0,0,0,0,85,0,0,0,0,0
2017,Puako,2,T3,0,10,0,0,1,0,1,0,2,13,0,2,0,0,0,0,0,0,0,0,0,0,0,3,1,0,0,0,0,1,0,0,0,0,0,0,0,5,0,0,0,0,0,0,0,0,0,0,59,68,0,21,5,0,0,5,0,0,3,22,0,6,1,0,0,0,0,20,0,3,0,0,0,0,0,0,0,0,0,0,0,0,1,1,0,4,0,1,0,0,0,0,0,0,0,0,0,0,0,0,0,0,0,2,0,0,0,0,0,0,0,0,0,0,117,0,0,2,3,0
2017,Puako,5,T3,0,0,0,0,0,0,0,0,1,0,0,0,0,0,0,0,0,0,0,0,0,0,0,0,0,0,0,0,0,0,0,0,0,0,0,0,0,1,0,0,0,0,0,0,0,0,0,0,0,2,0,12,3,0,0,0,0,1,0,0,4,4,0,0,0,0,0,0,0,1,0,0,0,0,0,0,0,2,0,0,0,0,0,0,0,1,0,0,0,0,0,0,0,0,0,0,0,0,0,0,0,0,0,1,0,0,0,0,0,0,0,0,0,0,4,0,1,0,2,0
2018,Captan Cook,8,T3,0,30,0,0,0,0,0,0,2,0,0,26,0,0,0,0,0,0,0,0,0,0,0,2,18,0,0,0,0,0,0,0,1,0,0,0,0,5,0,1,2,0,0,0,0,0,0,0,1,203,0,44,0,0,0,10,0,3,2,2,12,17,3,0,0,0,0,0,0,2,0,0,0,0,0,0,0,3,0,0,0,0,0,0,0,3,0,0,0,0,7,0,0,0,0,0,0,0,0,0,0,0,0,0,0,0,0,0,0,0,0,0,0,0,215,0,0,0,1,0
2018,Mahukona,6,T3,0,4,0,0,0,0,0,1,1,0,0,0,0,0,0,0,0,0,0,0,0,0,0,0,5,0,0,0,0,0,0,0,0,0,1,0,0,1,0,0,0,0,0,0,0,0,0,0,1,23,0,31,2,0,0,2,0,0,3,0,0,3,0,0,0,0,0,0,0,0,0,0,0,0,0,0,0,1,0,0,0,0,0,1,0,1,0,0,0,0,3,0,0,0,0,0,0,0,0,0,0,0,0,0,0,0,0,0,0,0,0,0,0,0,23,0,0,100,0,0
2018,Mahukona,7,T3,0,0,0,0,0,0,0,0,1,0,0,142,0,0,0,0,0,0,0,0,0,0,0,0,6,0,0,0,0,0,0,0,1,0,0,0,0,1,0,0,0,0,0,0,0,0,0,0,0,24,0,29,5,0,0,17,0,1,13,1,2,2,2,0,2,0,0,1,0,1,0,0,0,0,0,0,0,0,0,0,0,0,0,0,0,7,0,0,0,0,3,0,0,0,0,0,0,0,0,0,0,1,0,0,0,0,0,0,0,0,0,0,0,0,28,0,0,0,1,0
2018,Old Kona,3,T3,0,0,0,0,0,1,0,0,3,2,0,74,0,0,0,0,0,0,0,0,0,0,0,4,0,0,0,0,0,1,0,0,0,0,0,0,0,11,0,1,1,0,0,0,0,0,0,0,2,55,0,99,1,0,0,2,0,3,3,43,11,37,0,0,0,0,0,2,0,4,0,0,0,2,0,0,0,4,0,0,1,0,0,0,0,2,0,0,0,0,0,0,0,0,0,0,0,0,0,2,0,0,0,0,0,0,0,0,0,0,0,0,0,0,141,0,0,0,0,0
2018,Old Kona,4,T3,2,0,0,0,0,2,0,0,5,1,0,112,0,0,0,0,0,0,0,0,2,1,0,5,0,0,0,0,0,0,0,0,0,5,0,0,0,4,1,0,2,0,0,4,0,0,0,0,0,23,0,276,7,0,0,2,0,6,0,5,5,14,0,0,0,0,0,4,0,1,0,0,0,2,0,0,0,4,0,0,0,0,0,0,0,5,0,2,0,0,0,0,0,0,0,0,0,0,0,0,0,0,0,0,0,0,2,0,7,0,42,0,0,0,144,0,0,0,2,0
2018,Puako,1,T3,0,2,0,0,1,0,0,0,1,11,0,0,0,1,0,0,0,0,0,1,0,0,0,0,1,0,0,0,0,0,0,0,0,0,0,0,0,5,0,0,0,0,0,0,0,0,0,0,23,36,0,24,3,0,0,3,0,0,3,4,0,3,0,0,0,0,1,2,0,4,0,0,0,0,0,0,0,0,0,0,0,1,0,0,0,1,0,0,0,0,0,0,0,0,0,2,0,0,0,0,0,0,0,1,0,0,0,0,0,0,0,0,0,0,89,0,0,16,1,0
2018,Puako,2,T3,0,9,0,0,1,2,0,0,4,20,0,0,0,0,2,0,0,0,0,0,0,0,0,3,1,0,0,0,0,0,0,0,0,0,0,0,0,7,0,1,0,0,0,0,0,0,0,0,2,35,0,28,6,0,0,9,0,2,1,10,1,3,3,0,0,0,2,3,0,5,0,0,0,0,0,0,0,0,0,0,0,7,0,1,0,6,0,0,0,0,0,0,0,0,0,0,0,0,0,0,0,0,0,0,0,0,0,0,0,0,0,0,0,0,90,0,0,0,4,0
2018,Puako,5,T3,0,80,0,0,0,0,0,0,0,5,0,0,0,0,0,0,0,0,0,0,0,0,0,2,0,0,0,0,0,0,0,0,0,0,0,0,0,10,0,0,1,0,0,0,0,0,0,0,2,63,0,12,2,0,0,2,0,3,4,0,0,5,2,0,0,0,0,0,0,3,0,0,0,0,0,0,0,0,0,0,0,1,0,0,0,2,0,0,0,0,2,0,0,0,0,0,0,0,0,0,0,0,0,0,0,0,0,0,0,0,1,0,0,0,31,0,0,50,0,0
2019,Captan Cook,8,T3,,,,,,,,,,,,,,,,,,,,,,,,,,,,,,,,,,,,,,,,,,,,,,,,,,,,,,,,,,,,,,,,,,,,,,,,,,,,,,,,,,,,,,,,,,,,,,,,,,,,,,,,,,,,,,,,,,,,,,,,
2019,Mahukona,6,T3,0,2,0,0,0,0,0,4,0,0,0,1,0,0,0,0,0,0,0,0,0,0,0,2,2,0,0,0,0,0,0,0,0,0,0,0,0,3,0,0,1,0,0,0,0,0,0,0,0,21,0,34,1,0,0,3,0,1,5,1,1,3,4,0,0,0,0,0,0,2,0,0,0,0,0,0,0,1,0,0,0,0,0,0,0,1,0,0,0,0,6,0,0,0,0,0,0,0,0,0,0,0,0,0,0,1,0,0,0,0,0,0,0,0,15,0,0,113,0,0
2019,Mahukona,7,T3,0,0,0,0,0,1,0,3,0,0,0,21,0,0,0,0,0,0,0,0,0,1,0,1,3,0,0,0,0,0,0,0,0,0,1,0,0,4,0,0,1,0,0,0,0,0,0,0,0,24,0,61,5,0,1,11,0,1,5,4,8,6,2,0,0,0,3,1,0,1,1,0,0,0,0,0,0,1,0,0,1,0,0,0,0,3,0,0,0,0,2,0,0,0,0,0,0,0,0,0,0,0,0,0,0,0,0,0,0,0,0,0,0,0,21,0,0,0,3,0
2019,Old Kona,3,T3,0,0,0,0,0,1,1,0,5,4,0,299,0,0,0,0,0,0,0,0,0,0,0,7,0,6,0,0,0,0,0,0,0,0,0,0,0,3,0,0,2,0,0,0,0,0,0,0,34,47,0,104,2,0,0,1,0,0,2,34,10,11,1,0,0,0,1,2,0,1,0,0,0,0,0,0,0,3,0,0,1,0,0,2,0,9,0,1,0,0,0,0,0,0,0,0,0,0,0,2,0,0,0,0,0,0,0,0,0,0,0,0,0,0,127,0,0,0,0,0
2019,Old Kona,4,T3,2,0,0,0,0,0,2,0,4,10,0,190,1,0,0,2,0,0,0,0,0,0,0,8,0,0,0,0,0,1,0,0,0,4,0,0,0,4,0,0,5,0,0,3,0,0,0,0,1,54,0,196,1,0,0,1,0,5,0,75,11,14,0,0,0,0,0,6,0,4,0,0,0,3,0,0,0,7,0,0,0,0,0,2,0,17,0,0,0,0,0,0,0,0,0,0,0,0,0,0,0,0,0,0,0,0,0,0,8,0,8,0,0,0,131,0,0,0,1,0
2019,Puako,1,T3,0,7,0,0,0,1,0,0,1,4,0,0,0,1,0,0,0,0,0,0,0,0,1,5,0,0,0,0,0,0,0,0,0,0,0,0,0,7,1,0,1,0,0,0,0,0,0,0,76,52,0,27,1,0,0,2,0,1,3,9,2,1,0,0,0,0,1,4,0,4,0,0,0,1,0,0,0,0,0,0,0,3,0,0,0,6,0,0,0,0,0,0,0,0,0,0,0,0,0,0,0,0,0,1,3,0,0,0,0,0,1,0,0,0,104,0,0,0,2,0
2019,Puako,2,T3,0,205,0,0,1,2,1,0,2,3,0,221,0,0,0,1,2,0,0,0,0,0,0,4,7,0,0,0,0,0,0,0,0,0,0,0,0,4,0,1,3,0,0,0,0,0,0,0,43,52,0,2,6,0,0,12,0,2,5,104,2,8,6,0,2,0,0,6,0,4,1,0,0,0,0,0,0,0,0,0,0,0,0,0,0,2,0,0,1,0,1,0,0,0,0,0,0,0,0,0,0,0,0,2,0,0,0,0,0,0,0,0,0,0,81,0,0,0,3,0
2019,Puako,5,T3,0,40,0,0,0,0,2,0,4,7,0,0,0,15,0,0,0,0,0,0,0,1,0,4,0,0,0,0,0,0,0,0,0,0,0,0,0,0,0,0,0,0,0,0,0,0,0,0,0,29,0,37,1,0,0,5,0,0,1,0,0,9,1,0,0,0,2,1,0,4,0,0,0,0,0,0,0,0,0,0,0,0,0,0,0,3,0,0,0,0,0,0,0,0,0,0,0,0,0,0,0,0,0,0,0,0,0,0,0,0,0,0,0,0,32,0,0,0,1,0
2009,Captan Cook,8,T4,,,,,,,,,,,,,,,,,,,,,,,,,,,,,,,,,,,,,,,,,,,,,,,,,,,,,,,,,,,,,,,,,,,,,,,,,,,,,,,,,,,,,,,,,,,,,,,,,,,,,,,,,,,,,,,,,,,,,,,,
2009,Mahukona,6,T4,,,,,,,,,,,,,,,,,,,,,,,,,,,,,,,,,,,,,,,,,,,,,,,,,,,,,,,,,,,,,,,,,,,,,,,,,,,,,,,,,,,,,,,,,,,,,,,,,,,,,,,,,,,,,,,,,,,,,,,,
2009,Mahukona,7,T4,,,,,,,,,,,,,,,,,,,,,,,,,,,,,,,,,,,,,,,,,,,,,,,,,,,,,,,,,,,,,,,,,,,,,,,,,,,,,,,,,,,,,,,,,,,,,,,,,,,,,,,,,,,,,,,,,,,,,,,,
2009,Old Kona,3,T4,0,0,0,0,0,0,0,0,3,0,0,310,0,0,0,0,0,0,0,0,0,0,0,1,0,0,0,0,0,0,0,0,0,0,0,0,0,3,0,0,2,0,0,0,0,0,0,0,0,13,0,32,0,0,0,1,0,1,2,5,4,2,0,0,0,0,0,11,0,1,0,0,0,0,0,0,0,0,0,0,0,0,0,0,0,2,0,0,0,0,0,0,0,0,0,0,0,0,0,0,0,0,0,3,0,0,0,0,0,0,0,0,0,0,37,0,0,0,3,0
2009,Old Kona,4,T4,2,0,0,0,0,0,0,0,1,0,0,130,0,0,0,0,0,0,0,0,0,0,0,0,0,0,0,0,0,0,0,0,0,5,0,0,0,1,0,0,0,0,0,0,0,2,0,0,0,3,0,73,0,0,0,0,0,2,0,2,10,11,1,0,0,0,0,12,0,2,0,0,0,0,0,0,0,0,0,0,1,0,0,0,0,13,0,0,0,0,0,0,0,0,0,0,0,0,0,0,0,0,0,0,0,0,0,0,1,0,13,0,0,0,70,0,0,0,0,0
2009,Puako,1,T4,0,0,0,0,0,0,0,0,1,0,0,0,0,0,0,0,0,0,0,0,0,0,0,0,13,0,0,0,0,0,0,0,0,0,0,0,0,0,0,0,0,0,0,0,0,0,0,0,0,22,0,0,2,0,0,0,0,0,13,10,0,0,0,0,0,0,0,0,0,3,0,0,0,0,0,0,0,0,0,0,0,0,0,1,0,3,0,0,0,0,0,0,0,0,0,0,0,0,0,0,0,0,0,1,0,0,0,0,0,0,0,0,0,0,33,0,0,0,0,0
2009,Puako,2,T4,0,0,0,0,2,0,0,0,1,0,0,0,0,0,0,0,0,0,0,0,0,0,0,0,1,0,0,0,0,0,0,0,0,0,0,0,0,0,0,1,0,0,0,0,0,2,0,0,0,14,0,1,0,0,0,3,0,0,0,0,10,1,4,0,0,0,0,24,0,0,1,0,0,0,0,0,0,0,0,0,0,0,0,3,0,0,0,0,0,0,0,0,0,0,0,0,0,0,0,0,0,0,0,0,0,0,0,0,0,0,0,0,0,0,55,0,0,0,0,0
2009,Puako,5,T4,0,0,0,0,0,0,0,0,1,0,0,0,0,0,0,0,0,0,0,0,0,1,0,0,0,0,0,0,0,0,0,0,0,0,0,0,0,2,0,0,0,0,3,0,0,0,0,0,4,7,0,17,2,0,0,1,0,0,0,0,6,0,0,0,0,0,0,7,0,3,0,0,0,0,0,0,0,0,0,0,0,0,0,0,0,3,0,0,0,0,0,0,0,0,0,0,0,0,0,0,0,0,0,0,0,0,0,0,0,0,9,0,0,0,10,0,0,30,0,0
2010,Captan Cook,8,T4,,,,,,,,,,,,,,,,,,,,,,,,,,,,,,,,,,,,,,,,,,,,,,,,,,,,,,,,,,,,,,,,,,,,,,,,,,,,,,,,,,,,,,,,,,,,,,,,,,,,,,,,,,,,,,,,,,,,,,,,
2010,Mahukona,6,T4,0,0,0,0,1,0,0,1,0,0,0,13,0,0,0,1,0,0,0,0,0,0,0,0,2,0,0,0,0,0,0,0,0,0,0,0,0,0,0,0,0,0,0,0,0,0,0,0,0,9,0,12,3,0,0,3,0,0,6,1,1,0,0,0,0,0,0,0,0,0,0,0,0,0,0,0,0,0,0,0,0,0,0,0,0,1,0,0,0,0,2,0,0,0,0,0,0,0,0,0,0,0,0,0,0,0,0,0,0,0,0,0,0,1,18,0,0,1,0,0
2010,Mahukona,7,T4,0,0,0,0,0,0,0,0,0,0,0,0,0,0,0,0,0,0,0,0,0,0,0,0,0,0,0,0,0,0,0,0,0,0,0,0,0,3,0,0,0,0,0,0,0,0,0,0,0,2,0,12,3,0,0,8,0,0,5,0,1,1,2,0,0,0,3,0,0,0,0,0,0,1,0,0,0,1,0,0,0,0,0,0,0,7,0,0,0,0,1,0,0,0,0,0,0,0,0,0,0,0,0,0,0,0,0,0,0,0,0,1,0,0,0,0,0,0,0,0
2010,Old Kona,3,T4,0,0,0,0,0,0,0,0,0,0,0,370,0,0,0,0,0,0,0,0,0,0,0,9,0,0,0,0,0,1,0,0,0,0,0,0,0,2,0,0,0,0,0,0,0,0,0,0,1,30,0,26,1,0,0,6,0,2,2,4,5,8,1,0,0,0,0,22,0,0,0,0,0,0,0,0,0,0,0,0,0,0,0,0,0,0,0,0,0,0,0,0,0,0,0,0,0,0,0,0,3,0,0,0,0,0,0,0,0,0,1,0,0,1,59,0,0,0,4,0
2010,Old Kona,4,T4,1,0,0,0,0,0,0,1,1,0,1,450,0,0,0,0,0,0,0,0,0,5,0,3,0,0,1,0,0,1,0,0,0,2,0,0,0,3,0,0,0,0,0,0,0,0,0,0,6,10,0,69,2,0,0,11,0,4,1,12,4,8,1,0,0,0,1,12,0,3,0,0,0,0,0,1,0,3,0,0,4,0,0,1,0,0,0,0,0,0,0,0,0,0,0,0,0,0,0,0,11,0,0,0,0,0,1,0,0,0,30,0,0,1,79,0,0,0,3,0
2010,Puako,1,T4,0,2,0,0,0,0,0,0,2,1,0,0,0,0,0,0,1,0,0,0,0,0,0,6,1,0,0,0,0,0,0,0,0,0,0,0,0,4,0,0,0,0,0,0,0,0,0,0,0,36,0,9,1,0,0,2,0,0,0,0,0,1,3,0,1,0,3,5,0,4,0,0,0,0,0,0,0,1,0,0,0,0,0,1,0,4,0,0,0,0,0,0,0,1,0,0,0,0,0,0,0,0,0,2,0,0,0,0,0,0,3,0,0,0,36,0,0,0,1,0
2010,Puako,2,T4,,,,,,,,,,,,,,,,,,,,,,,,,,,,,,,,,,,,,,,,,,,,,,,,,,,,,,,,,,,,,,,,,,,,,,,,,,,,,,,,,,,,,,,,,,,,,,,,,,,,,,,,,,,,,,,,,,,,,,,,
2010,Puako,5,T4,0,0,0,0,0,0,0,0,4,0,0,0,0,0,0,0,0,0,0,0,0,0,0,1,0,0,0,0,1,0,0,0,0,0,0,0,0,15,0,0,0,0,1,0,0,0,0,0,0,13,0,11,2,0,0,4,0,0,0,0,5,1,1,1,0,0,0,1,0,2,0,0,0,0,0,0,0,2,0,0,0,1,0,0,0,10,0,0,0,0,0,0,0,0,0,0,0,0,0,0,0,0,0,1,0,0,0,0,0,0,0,0,0,0,25,0,0,0,5,0
2011,Captan Cook,8,T4,,,,,,,,,,,,,,,,,,,,,,,,,,,,,,,,,,,,,,,,,,,,,,,,,,,,,,,,,,,,,,,,,,,,,,,,,,,,,,,,,,,,,,,,,,,,,,,,,,,,,,,,,,,,,,,,,,,,,,,,
2011,Mahukona,6,T4,0,0,0,0,0,0,0,1,2,0,0,10,0,0,0,1,0,0,0,0,0,0,0,1,9,0,0,0,0,0,0,0,0,0,0,0,0,1,0,0,0,0,0,0,0,1,0,0,0,20,0,24,5,0,0,1,0,0,6,0,0,2,4,0,0,0,0,2,0,0,0,0,0,0,0,0,0,0,0,0,0,1,0,0,0,1,0,0,0,0,1,0,0,0,0,0,0,0,0,0,0,0,0,0,0,0,0,0,0,0,0,0,0,1,3,0,0,1,0,0
2011,Mahukona,7,T4,0,0,0,0,0,0,0,0,1,0,0,0,0,0,0,0,0,0,0,0,0,0,0,0,0,0,0,0,0,0,0,0,0,0,0,0,0,1,0,1,0,0,0,0,0,0,0,0,0,12,0,10,6,0,0,5,0,0,4,0,1,1,2,0,2,0,1,0,0,0,0,0,0,0,0,0,0,2,0,0,0,0,0,0,0,4,0,0,0,0,0,0,0,0,0,0,0,0,0,0,0,0,0,3,0,0,0,0,0,0,0,0,0,0,11,0,0,2,0,0
2011,Old Kona,3,T4,0,0,0,0,0,0,0,0,2,0,0,215,0,0,0,1,0,0,0,0,0,0,0,5,0,0,0,0,0,1,0,0,0,0,0,0,0,2,0,1,0,0,0,0,0,0,0,0,0,34,0,49,2,0,0,3,0,1,0,6,7,6,0,0,0,0,0,3,0,0,0,0,0,1,0,0,0,1,1,0,0,0,0,0,0,6,0,0,0,0,0,0,0,0,0,0,0,0,0,0,0,0,0,3,0,0,0,0,0,0,0,0,0,0,57,0,0,0,1,0
2011,Old Kona,4,T4,4,0,0,0,0,0,0,0,0,0,0,340,0,0,0,0,0,0,0,0,1,0,0,11,0,0,1,0,0,1,0,0,0,4,0,0,0,6,0,0,0,0,0,0,0,0,0,0,5,11,0,41,1,0,0,0,0,6,0,12,7,7,0,0,0,0,0,13,0,3,0,0,0,3,0,0,0,1,0,0,3,0,0,0,0,5,0,0,0,0,0,0,0,0,0,0,0,0,0,0,0,2,0,0,0,0,0,0,15,0,33,0,0,0,52,0,0,0,1,0
2011,Puako,1,T4,0,1,0,0,0,2,0,0,0,0,0,0,0,0,0,0,0,0,0,0,0,0,0,0,2,0,3,0,0,0,0,0,0,0,0,0,0,10,0,0,0,0,0,0,0,0,0,0,1,33,0,39,2,0,0,1,0,0,2,0,0,0,1,0,2,0,0,0,0,4,0,0,0,0,0,0,0,0,0,0,0,0,0,0,0,0,0,0,0,0,0,0,0,0,0,0,0,0,0,0,0,0,0,0,1,0,0,0,0,0,0,0,0,0,41,0,0,0,0,0
2011,Puako,2,T4,0,2,0,0,0,1,0,0,1,0,0,0,0,0,0,0,0,0,0,0,0,0,0,3,2,0,0,0,0,1,0,0,0,0,0,0,0,2,0,1,0,0,0,0,0,0,0,0,0,36,0,1,3,0,0,1,0,1,2,0,2,4,1,0,0,0,1,0,0,3,0,0,0,0,0,0,0,0,0,0,0,0,0,1,0,1,0,0,0,0,0,0,0,0,0,0,0,0,0,0,0,0,0,3,0,0,0,0,0,0,0,0,0,0,69,0,0,0,0,0
2011,Puako,5,T4,0,0,0,0,1,0,0,0,1,0,0,0,0,0,0,0,0,0,0,0,0,1,0,0,0,0,0,0,0,0,0,0,0,0,0,0,0,3,0,0,1,0,1,0,0,0,0,0,0,3,0,20,5,0,0,0,0,1,0,0,4,3,3,0,2,0,1,0,0,2,0,0,0,0,0,0,0,0,0,0,0,0,0,1,0,7,0,0,0,0,0,0,0,0,0,0,0,0,0,0,0,0,0,0,0,0,0,0,0,0,0,0,0,0,19,0,0,1,2,0
2012,Captan Cook,8,T4,,,,,,,,,,,,,,,,,,,,,,,,,,,,,,,,,,,,,,,,,,,,,,,,,,,,,,,,,,,,,,,,,,,,,,,,,,,,,,,,,,,,,,,,,,,,,,,,,,,,,,,,,,,,,,,,,,,,,,,,
2012,Mahukona,6,T4,0,0,0,0,1,0,0,0,0,0,0,20,0,0,0,0,0,0,0,0,0,0,0,0,10,0,0,0,0,0,0,0,0,0,0,0,0,0,0,0,0,0,0,0,0,0,0,0,0,10,0,24,0,0,0,3,0,0,4,0,1,3,0,0,0,0,2,0,0,1,0,0,0,0,0,0,0,0,0,0,0,0,0,0,0,2,0,0,0,0,4,0,0,1,0,0,0,0,0,0,2,0,0,0,0,0,0,0,0,0,0,0,0,0,17,0,0,1,0,0
2012,Mahukona,7,T4,0,0,9,0,1,0,0,0,0,0,0,80,0,0,0,0,0,0,0,0,0,0,0,2,0,0,0,1,0,0,0,0,0,0,0,0,0,0,0,0,0,0,0,0,0,0,0,0,0,6,0,5,2,0,0,6,0,0,4,0,1,4,0,0,2,0,0,0,0,0,0,0,0,1,0,0,0,0,0,0,0,0,0,0,30,1,0,0,0,0,1,0,0,0,0,0,0,0,0,0,3,1,0,0,0,0,0,0,0,0,1,0,0,0,8,0,0,0,0,0
2012,Old Kona,3,T4,,,,,,,,,,,,,,,,,,,,,,,,,,,,,,,,,,,,,,,,,,,,,,,,,,,,,,,,,,,,,,,,,,,,,,,,,,,,,,,,,,,,,,,,,,,,,,,,,,,,,,,,,,,,,,,,,,,,,,,,
2012,Old Kona,4,T4,,,,,,,,,,,,,,,,,,,,,,,,,,,,,,,,,,,,,,,,,,,,,,,,,,,,,,,,,,,,,,,,,,,,,,,,,,,,,,,,,,,,,,,,,,,,,,,,,,,,,,,,,,,,,,,,,,,,,,,,
2012,Puako,1,T4,,,,,,,,,,,,,,,,,,,,,,,,,,,,,,,,,,,,,,,,,,,,,,,,,,,,,,,,,,,,,,,,,,,,,,,,,,,,,,,,,,,,,,,,,,,,,,,,,,,,,,,,,,,,,,,,,,,,,,,,
2012,Puako,2,T4,,,,,,,,,,,,,,,,,,,,,,,,,,,,,,,,,,,,,,,,,,,,,,,,,,,,,,,,,,,,,,,,,,,,,,,,,,,,,,,,,,,,,,,,,,,,,,,,,,,,,,,,,,,,,,,,,,,,,,,,
2012,Puako,5,T4,0,8,1,0,1,1,0,0,1,2,0,0,0,0,0,0,0,0,0,0,0,0,5,2,0,0,0,0,0,0,0,0,0,0,0,0,0,1,0,0,0,0,0,0,0,0,0,0,0,11,0,16,0,0,0,6,0,1,0,0,6,6,0,0,2,0,3,0,0,0,0,0,0,0,0,0,0,0,0,0,0,1,0,0,0,3,0,0,0,0,0,0,0,0,0,0,0,0,0,0,3,0,0,0,0,0,0,0,0,0,0,0,0,0,23,0,0,0,6,0
2013,Captan Cook,8,T4,,,,,,,,,,,,,,,,,,,,,,,,,,,,,,,,,,,,,,,,,,,,,,,,,,,,,,,,,,,,,,,,,,,,,,,,,,,,,,,,,,,,,,,,,,,,,,,,,,,,,,,,,,,,,,,,,,,,,,,,
2013,Mahukona,6,T4,,,,,,,,,,,,,,,,,,,,,,,,,,,,,,,,,,,,,,,,,,,,,,,,,,,,,,,,,,,,,,,,,,,,,,,,,,,,,,,,,,,,,,,,,,,,,,,,,,,,,,,,,,,,,,,,,,,,,,,,
2013,Mahukona,7,T4,,,,,,,,,,,,,,,,,,,,,,,,,,,,,,,,,,,,,,,,,,,,,,,,,,,,,,,,,,,,,,,,,,,,,,,,,,,,,,,,,,,,,,,,,,,,,,,,,,,,,,,,,,,,,,,,,,,,,,,,
2013,Old Kona,3,T4,,,,,,,,,,,,,,,,,,,,,,,,,,,,,,,,,,,,,,,,,,,,,,,,,,,,,,,,,,,,,,,,,,,,,,,,,,,,,,,,,,,,,,,,,,,,,,,,,,,,,,,,,,,,,,,,,,,,,,,,
2013,Old Kona,4,T4,,,,,,,,,,,,,,,,,,,,,,,,,,,,,,,,,,,,,,,,,,,,,,,,,,,,,,,,,,,,,,,,,,,,,,,,,,,,,,,,,,,,,,,,,,,,,,,,,,,,,,,,,,,,,,,,,,,,,,,,
2013,Puako,1,T4,,,,,,,,,,,,,,,,,,,,,,,,,,,,,,,,,,,,,,,,,,,,,,,,,,,,,,,,,,,,,,,,,,,,,,,,,,,,,,,,,,,,,,,,,,,,,,,,,,,,,,,,,,,,,,,,,,,,,,,,
2013,Puako,2,T4,0,1,0,0,2,0,1,0,1,0,0,0,0,0,1,0,0,0,0,0,0,0,0,5,2,0,1,0,0,0,0,0,0,0,0,0,0,10,0,0,5,0,0,0,0,0,0,0,130,11,0,8,0,0,0,2,0,1,3,25,7,2,1,0,0,0,0,0,0,3,0,0,0,0,0,0,0,3,0,0,2,1,0,1,0,1,0,0,0,0,0,0,0,0,0,0,0,0,0,0,0,0,0,1,0,0,1,0,0,0,1,0,0,0,74,0,0,0,1,0
2013,Puako,5,T4,,,,,,,,,,,,,,,,,,,,,,,,,,,,,,,,,,,,,,,,,,,,,,,,,,,,,,,,,,,,,,,,,,,,,,,,,,,,,,,,,,,,,,,,,,,,,,,,,,,,,,,,,,,,,,,,,,,,,,,,
2014,Captan Cook,8,T4,,,,,,,,,,,,,,,,,,,,,,,,,,,,,,,,,,,,,,,,,,,,,,,,,,,,,,,,,,,,,,,,,,,,,,,,,,,,,,,,,,,,,,,,,,,,,,,,,,,,,,,,,,,,,,,,,,,,,,,,
2014,Mahukona,6,T4,0,0,0,0,0,0,4,0,0,0,0,0,0,0,0,0,0,0,0,0,0,0,0,1,0,0,0,0,0,0,0,0,0,0,0,0,0,2,0,1,1,0,0,0,0,0,0,0,0,63,0,19,1,0,0,7,2,0,5,0,2,2,3,0,3,0,1,0,0,1,0,0,0,0,0,0,0,0,0,0,0,0,0,0,0,15,0,0,0,0,7,0,0,0,0,0,0,0,0,1,0,1,0,0,0,0,0,0,0,0,0,0,0,0,18,0,0,0,0,0
2014,Mahukona,7,T4,,,,,,,,,,,,,,,,,,,,,,,,,,,,,,,,,,,,,,,,,,,,,,,,,,,,,,,,,,,,,,,,,,,,,,,,,,,,,,,,,,,,,,,,,,,,,,,,,,,,,,,,,,,,,,,,,,,,,,,,
2014,Old Kona,3,T4,,,,,,,,,,,,,,,,,,,,,,,,,,,,,,,,,,,,,,,,,,,,,,,,,,,,,,,,,,,,,,,,,,,,,,,,,,,,,,,,,,,,,,,,,,,,,,,,,,,,,,,,,,,,,,,,,,,,,,,,
2014,Old Kona,4,T4,0,0,0,0,0,1,1,0,3,0,0,190,0,0,0,2,1,0,0,0,0,1,0,8,0,0,0,0,0,1,0,0,0,12,0,0,0,8,1,0,2,0,0,0,0,0,0,0,24,89,0,133,3,1,0,3,0,8,4,16,9,10,0,1,0,0,0,9,0,6,0,0,0,0,0,0,0,1,0,0,0,0,0,0,0,15,0,1,0,0,0,0,0,0,0,0,0,0,0,0,0,0,0,0,0,0,1,0,24,0,16,0,0,0,179,0,0,0,6,0
2014,Puako,1,T4,0,26,0,0,0,0,0,0,0,0,0,0,0,0,0,0,0,0,0,0,0,0,0,3,1,0,0,0,0,0,0,0,0,0,0,0,0,3,0,0,1,0,0,0,0,0,0,0,23,21,0,7,2,0,0,0,0,0,3,1,2,2,0,0,0,0,0,0,0,2,0,0,0,0,0,0,0,0,0,0,0,0,0,0,0,5,0,0,0,0,0,0,0,0,0,0,0,0,0,0,0,0,0,1,0,0,0,0,0,0,0,0,0,0,52,0,0,0,0,0
2014,Puako,2,T4,0,44,0,0,0,1,0,0,8,0,0,0,0,0,0,0,0,0,0,0,0,0,0,11,4,0,0,0,0,0,0,0,1,0,0,0,0,10,0,3,1,0,0,0,0,0,0,0,49,33,0,29,4,3,0,4,0,3,11,3,3,2,1,3,2,0,1,0,0,1,0,0,0,0,0,0,0,7,0,0,0,1,0,0,0,4,0,0,0,0,0,0,0,0,0,0,0,0,0,0,0,0,0,2,0,0,0,0,0,0,0,0,0,0,82,0,0,0,6,0
2014,Puako,5,T4,0,42,0,0,0,1,2,0,2,3,0,0,0,0,0,0,0,0,0,0,0,0,0,2,0,0,0,0,0,0,0,0,0,0,0,0,0,5,0,2,0,0,0,0,0,0,0,0,2,25,0,20,6,0,0,3,0,0,2,0,2,2,2,1,0,0,0,3,0,4,0,0,0,2,0,0,0,1,0,0,0,3,0,0,0,1,0,0,0,0,0,0,0,0,0,0,0,0,0,0,0,0,0,2,0,0,0,0,0,0,0,0,0,0,32,0,0,1,1,0
2015,Captan Cook,8,T4,,,,,,,,,,,,,,,,,,,,,,,,,,,,,,,,,,,,,,,,,,,,,,,,,,,,,,,,,,,,,,,,,,,,,,,,,,,,,,,,,,,,,,,,,,,,,,,,,,,,,,,,,,,,,,,,,,,,,,,,
2015,Mahukona,6,T4,,,,,,,,,,,,,,,,,,,,,,,,,,,,,,,,,,,,,,,,,,,,,,,,,,,,,,,,,,,,,,,,,,,,,,,,,,,,,,,,,,,,,,,,,,,,,,,,,,,,,,,,,,,,,,,,,,,,,,,,
2015,Mahukona,7,T4,,,,,,,,,,,,,,,,,,,,,,,,,,,,,,,,,,,,,,,,,,,,,,,,,,,,,,,,,,,,,,,,,,,,,,,,,,,,,,,,,,,,,,,,,,,,,,,,,,,,,,,,,,,,,,,,,,,,,,,,
2015,Old Kona,3,T4,,,,,,,,,,,,,,,,,,,,,,,,,,,,,,,,,,,,,,,,,,,,,,,,,,,,,,,,,,,,,,,,,,,,,,,,,,,,,,,,,,,,,,,,,,,,,,,,,,,,,,,,,,,,,,,,,,,,,,,,
2015,Old Kona,4,T4,,,,,,,,,,,,,,,,,,,,,,,,,,,,,,,,,,,,,,,,,,,,,,,,,,,,,,,,,,,,,,,,,,,,,,,,,,,,,,,,,,,,,,,,,,,,,,,,,,,,,,,,,,,,,,,,,,,,,,,,
2015,Puako,1,T4,0,36,0,0,0,0,0,0,0,1,0,0,0,0,0,0,0,0,0,0,0,2,0,3,7,0,0,0,0,0,0,0,0,0,0,0,0,5,0,0,0,0,0,0,0,1,0,0,11,52,0,5,8,0,0,2,0,4,8,13,0,2,4,0,0,0,1,2,0,4,0,0,0,0,0,0,0,0,0,0,0,1,0,0,0,4,0,0,0,0,0,0,0,0,0,0,0,0,0,0,0,0,0,0,0,0,0,0,0,0,0,0,0,0,44,0,0,0,2,0
2015,Puako,2,T4,,,,,,,,,,,,,,,,,,,,,,,,,,,,,,,,,,,,,,,,,,,,,,,,,,,,,,,,,,,,,,,,,,,,,,,,,,,,,,,,,,,,,,,,,,,,,,,,,,,,,,,,,,,,,,,,,,,,,,,,
2015,Puako,5,T4,,,,,,,,,,,,,,,,,,,,,,,,,,,,,,,,,,,,,,,,,,,,,,,,,,,,,,,,,,,,,,,,,,,,,,,,,,,,,,,,,,,,,,,,,,,,,,,,,,,,,,,,,,,,,,,,,,,,,,,,
2016,Captan Cook,8,T4,0,217,0,0,1,0,0,0,1,0,0,101,0,0,0,0,0,0,0,0,0,0,0,2,12,0,0,1,0,0,0,0,0,0,0,0,0,0,1,0,0,0,1,0,0,0,0,0,0,58,0,395,5,0,0,4,0,6,12,47,16,15,4,0,0,0,0,1,0,1,0,1,0,2,0,0,0,1,0,0,1,0,0,1,1,9,0,0,0,0,0,0,0,0,0,0,0,0,0,0,0,1,0,0,0,0,0,0,0,0,1,0,0,0,196,0,0,1,1,0
2016,Mahukona,6,T4,,,,,,,,,,,,,,,,,,,,,,,,,,,,,,,,,,,,,,,,,,,,,,,,,,,,,,,,,,,,,,,,,,,,,,,,,,,,,,,,,,,,,,,,,,,,,,,,,,,,,,,,,,,,,,,,,,,,,,,,
2016,Mahukona,7,T4,,,,,,,,,,,,,,,,,,,,,,,,,,,,,,,,,,,,,,,,,,,,,,,,,,,,,,,,,,,,,,,,,,,,,,,,,,,,,,,,,,,,,,,,,,,,,,,,,,,,,,,,,,,,,,,,,,,,,,,,
2016,Old Kona,3,T4,0,0,0,0,1,1,0,0,6,1,0,625,0,0,0,0,0,0,0,1,0,0,0,1,0,0,0,0,0,0,0,0,0,0,0,0,0,9,0,0,0,0,0,0,0,0,0,0,5,59,0,139,2,0,0,0,0,1,4,56,12,14,7,1,0,0,2,8,0,1,0,0,0,0,0,0,0,0,0,0,0,0,0,0,0,15,0,0,0,0,0,0,0,0,0,0,0,0,0,0,0,0,0,3,0,0,0,0,0,0,0,0,0,0,132,0,0,0,1,0
2016,Old Kona,4,T4,0,0,0,0,0,1,0,0,5,3,0,260,0,0,0,3,0,0,0,0,0,0,0,1,0,1,0,1,0,1,0,0,0,2,0,0,0,9,0,0,5,0,0,0,0,0,0,0,12,49,0,198,3,0,0,0,0,8,6,32,10,21,2,0,0,0,0,10,0,6,0,0,0,2,0,0,0,2,0,0,1,0,0,0,0,9,0,0,0,0,0,0,0,0,0,0,0,0,0,2,0,0,0,0,0,0,1,0,8,0,2,0,0,0,189,0,0,0,0,0
2016,Puako,1,T4,,,,,,,,,,,,,,,,,,,,,,,,,,,,,,,,,,,,,,,,,,,,,,,,,,,,,,,,,,,,,,,,,,,,,,,,,,,,,,,,,,,,,,,,,,,,,,,,,,,,,,,,,,,,,,,,,,,,,,,,
2016,Puako,2,T4,0,37,0,0,0,0,1,4,1,58,0,0,0,0,0,0,0,0,0,0,0,0,0,12,4,0,2,0,0,0,0,0,0,0,0,0,0,14,1,1,0,0,0,0,0,0,0,0,51,130,0,26,1,0,0,6,0,5,0,31,5,12,2,0,0,0,1,26,0,3,0,0,0,0,0,0,0,0,0,0,0,4,1,0,0,8,0,0,0,0,0,0,0,0,0,0,0,0,0,0,0,0,0,0,0,0,0,0,0,0,0,0,0,0,157,0,0,0,4,0
2016,Puako,5,T4,,,,,,,,,,,,,,,,,,,,,,,,,,,,,,,,,,,,,,,,,,,,,,,,,,,,,,,,,,,,,,,,,,,,,,,,,,,,,,,,,,,,,,,,,,,,,,,,,,,,,,,,,,,,,,,,,,,,,,,,
2017,Captan Cook,8,T4,,,,,,,,,,,,,,,,,,,,,,,,,,,,,,,,,,,,,,,,,,,,,,,,,,,,,,,,,,,,,,,,,,,,,,,,,,,,,,,,,,,,,,,,,,,,,,,,,,,,,,,,,,,,,,,,,,,,,,,,
2017,Mahukona,6,T4,0,4,0,0,0,0,0,2,0,0,0,10,0,0,0,0,0,0,0,0,0,0,0,2,14,0,3,0,0,1,0,0,0,0,0,0,0,0,0,0,0,0,0,0,0,0,0,0,0,17,0,61,6,0,0,2,0,0,7,0,0,1,2,0,0,0,0,0,0,0,0,0,0,0,0,0,0,0,0,0,0,1,0,0,0,1,0,0,0,0,3,0,0,0,0,0,0,0,0,0,0,0,0,1,0,0,0,0,0,0,0,0,0,0,3,0,0,53,0,0
2017,Mahukona,7,T4,0,0,0,0,0,0,0,0,0,1,0,0,0,0,0,0,0,0,0,0,0,0,0,1,1,0,8,0,0,0,0,0,0,1,0,0,0,3,0,1,0,0,0,0,0,0,1,0,0,28,0,29,6,0,0,3,0,0,4,0,3,10,3,0,0,0,1,0,0,4,0,0,0,0,0,0,0,1,0,0,0,0,0,0,0,1,0,0,0,0,0,0,0,0,0,0,0,0,0,0,0,0,0,1,0,0,0,0,0,0,0,0,0,0,25,0,0,2,3,0
2017,Old Kona,3,T4,4,0,0,1,0,0,1,0,7,0,0,375,0,0,0,0,0,0,0,0,0,0,0,1,0,0,0,0,0,1,0,0,0,0,0,0,0,3,0,0,0,0,0,0,0,0,0,0,12,82,0,218,5,0,0,1,0,3,3,15,11,8,3,0,0,0,1,14,0,0,0,0,0,2,0,0,0,3,0,0,0,0,0,0,0,8,0,0,0,0,0,0,0,0,0,0,0,0,0,1,0,0,0,2,0,0,1,0,0,0,0,0,0,1,148,0,0,0,3,0
2017,Old Kona,4,T4,1,0,0,0,0,1,1,0,2,0,0,115,0,0,0,0,0,0,0,0,3,1,0,5,0,0,0,0,0,0,0,0,0,0,0,0,0,6,0,0,2,0,0,0,0,0,0,0,2,25,0,157,2,0,0,4,0,9,4,15,4,8,4,0,0,0,0,9,0,2,0,0,0,2,0,0,0,0,2,0,0,0,0,0,0,5,0,0,0,0,0,0,0,0,0,0,0,0,0,0,0,0,0,0,0,0,0,0,0,0,64,0,0,0,174,0,0,0,2,0
2017,Puako,1,T4,0,8,0,0,0,0,0,0,1,26,0,0,0,0,0,0,0,0,0,0,0,0,0,1,3,0,0,0,0,0,0,0,0,0,0,0,0,1,0,1,1,0,0,0,0,0,0,0,25,91,3,38,1,0,0,2,0,1,1,1,1,6,2,0,0,0,1,1,0,6,0,0,0,0,0,0,0,0,0,0,0,1,0,0,0,3,0,1,0,0,0,0,0,0,0,0,0,0,0,0,0,0,0,1,0,0,1,0,0,0,1,0,0,0,89,0,0,2,2,0
2017,Puako,2,T4,0,5,0,0,1,0,4,0,2,12,0,0,0,0,0,0,0,1,0,0,0,0,0,3,2,0,0,0,0,0,0,0,0,0,0,0,0,10,0,0,0,0,0,0,0,0,0,0,8,49,0,55,5,0,0,5,0,0,0,1,0,6,2,0,0,0,1,2,0,2,0,0,0,0,0,0,0,0,0,0,0,2,2,0,0,3,0,0,0,0,0,0,0,0,0,0,0,0,0,0,0,0,0,2,0,0,0,0,0,0,0,0,0,0,89,0,0,1,7,0
2017,Puako,5,T4,,,,,,,,,,,,,,,,,,,,,,,,,,,,,,,,,,,,,,,,,,,,,,,,,,,,,,,,,,,,,,,,,,,,,,,,,,,,,,,,,,,,,,,,,,,,,,,,,,,,,,,,,,,,,,,,,,,,,,,,
2018,Captan Cook,8,T4,0,60,0,0,0,0,0,0,4,0,0,51,0,0,0,0,0,0,0,0,1,0,0,3,3,0,1,0,0,0,0,0,1,0,0,0,0,2,0,1,4,0,0,0,0,0,0,0,0,268,0,14,2,0,0,2,0,2,5,3,17,17,1,0,0,0,0,2,0,1,0,0,0,0,0,0,0,1,0,0,1,0,0,0,0,2,0,0,0,0,1,0,0,0,0,0,0,0,0,0,0,0,0,0,0,0,0,0,0,0,1,0,0,0,235,0,0,0,0,0
2018,Mahukona,6,T4,0,8,0,0,3,0,0,8,0,1,0,5,0,0,0,0,0,0,1,0,0,1,0,0,4,0,1,0,0,0,0,0,0,0,0,0,0,1,0,0,0,0,0,0,0,0,0,0,1,23,0,24,2,0,0,4,0,0,2,1,0,3,1,0,1,0,0,0,0,0,0,0,0,0,0,0,0,4,0,0,0,0,0,0,0,1,0,0,0,0,2,0,0,0,0,0,0,0,0,0,0,0,0,0,0,0,0,0,0,0,0,0,0,0,25,0,0,25,0,0
2018,Mahukona,7,T4,0,0,0,0,0,0,0,0,2,0,0,55,0,0,0,2,0,0,5,0,0,0,0,0,0,0,0,0,0,0,0,0,0,0,1,0,0,1,1,0,1,0,0,0,0,0,0,0,0,30,0,40,4,0,0,8,0,0,6,4,4,6,3,0,0,0,2,2,0,1,0,0,0,0,0,0,0,0,0,0,0,0,0,0,0,10,0,0,0,0,3,0,0,0,0,0,0,0,0,0,0,0,0,0,0,0,0,0,0,0,0,0,0,0,24,0,0,0,0,0
2018,Old Kona,3,T4,0,0,0,0,0,1,0,0,4,6,0,31,0,0,0,0,0,0,0,0,0,0,0,1,0,0,0,0,0,3,0,0,0,2,0,0,0,7,0,0,2,0,0,0,0,0,0,0,10,85,0,166,4,0,0,0,0,3,8,85,13,23,4,0,0,0,0,4,0,3,0,0,0,4,0,0,0,3,0,0,0,1,0,1,0,5,0,0,0,0,2,0,0,0,0,0,0,0,0,1,0,0,0,0,0,0,0,0,0,0,0,0,0,0,209,0,0,0,0,0
2018,Old Kona,4,T4,0,0,0,0,0,0,0,0,5,0,0,160,0,0,0,0,0,0,0,0,0,0,0,7,0,0,0,0,0,0,0,0,0,5,0,0,0,2,0,0,3,0,0,12,0,0,0,0,1,49,0,155,8,0,0,3,0,6,0,9,15,17,1,1,0,0,0,1,0,5,0,0,0,5,0,0,0,2,0,0,1,0,0,1,0,12,0,5,0,0,0,0,0,0,0,0,0,0,0,0,0,0,0,0,0,0,0,0,1,0,34,0,0,0,155,0,0,0,3,0
2018,Puako,1,T4,0,7,0,0,0,0,0,0,1,9,0,0,0,0,0,0,0,0,0,0,0,0,0,12,1,0,3,0,0,0,0,0,0,0,0,0,0,7,0,0,0,0,0,0,0,0,0,0,47,32,0,43,3,0,0,4,0,4,1,6,0,4,1,0,0,0,3,0,0,1,0,0,0,0,0,0,1,0,0,0,1,2,0,1,0,10,0,0,0,0,0,0,1,0,0,1,0,0,0,0,0,0,0,0,0,0,1,0,0,0,0,0,0,0,94,0,0,0,4,0
2018,Puako,2,T4,0,35,0,0,2,0,1,0,4,13,0,0,0,0,0,0,0,0,0,0,0,0,0,4,1,0,0,0,0,1,0,0,0,0,0,0,0,7,1,2,0,0,0,0,0,0,0,0,100,41,0,36,4,0,0,6,0,2,1,9,0,5,2,0,0,0,7,0,0,5,0,1,0,0,0,0,0,0,0,0,0,1,0,1,0,10,0,0,0,0,2,0,0,0,0,0,0,0,0,0,0,0,0,0,0,0,0,0,0,0,0,0,0,0,100,0,0,0,1,0
2018,Puako,5,T4,0,65,0,0,0,0,0,0,0,13,0,0,0,0,0,0,0,0,0,0,0,0,0,3,1,0,0,0,0,0,0,0,0,0,0,0,0,7,1,0,0,0,0,0,0,0,0,0,0,73,0,11,1,0,0,1,0,1,2,0,0,3,4,0,0,0,1,1,0,1,0,0,0,0,0,0,0,1,0,0,0,4,0,2,0,1,0,0,0,0,0,0,0,0,0,0,0,0,0,0,0,0,0,2,0,0,0,0,0,0,2,0,0,0,32,0,0,50,0,0
2019,Captan Cook,8,T4,,,,,,,,,,,,,,,,,,,,,,,,,,,,,,,,,,,,,,,,,,,,,,,,,,,,,,,,,,,,,,,,,,,,,,,,,,,,,,,,,,,,,,,,,,,,,,,,,,,,,,,,,,,,,,,,,,,,,,,,
2019,Mahukona,6,T4,0,1,0,0,0,0,0,0,0,0,0,0,0,0,0,0,0,0,0,0,0,0,0,2,3,0,0,0,0,0,0,0,0,0,0,0,0,6,0,0,0,0,0,0,0,0,0,0,0,11,0,25,5,0,0,5,0,1,1,0,4,2,2,0,0,0,1,0,0,1,0,0,0,0,0,0,0,0,0,0,0,0,0,0,0,2,0,0,0,0,7,0,0,0,0,0,0,0,0,0,0,0,0,0,0,0,0,0,0,0,0,0,0,0,17,0,0,241,1,0
2019,Mahukona,7,T4,0,0,0,0,0,1,0,0,0,0,0,30,0,0,0,0,0,0,1,0,0,0,0,0,6,0,0,1,0,1,0,0,0,2,1,0,0,4,0,0,0,0,0,0,0,0,0,0,0,45,0,106,7,2,0,14,0,0,11,4,9,5,6,0,4,0,1,0,0,3,0,0,0,0,0,0,0,3,0,0,2,0,0,0,0,9,1,0,0,0,5,0,0,0,0,0,0,0,0,1,0,0,0,0,0,0,0,0,0,0,0,0,0,0,22,0,0,30,2,0
2019,Old Kona,3,T4,0,0,0,0,1,1,1,0,2,4,0,177,0,0,0,0,0,0,0,0,0,0,0,7,0,3,0,0,0,1,0,0,0,0,0,0,0,4,1,1,3,0,0,0,0,0,0,0,24,34,0,106,0,0,0,0,0,1,1,36,12,15,0,0,0,0,1,1,0,2,0,0,0,0,0,0,0,3,0,0,1,0,0,2,0,11,0,0,0,0,0,0,0,0,0,0,0,0,0,0,0,0,0,0,0,0,0,0,0,0,0,0,0,0,86,0,0,0,1,0
2019,Old Kona,4,T4,0,0,0,0,1,1,1,0,3,2,0,182,0,0,0,1,0,0,0,0,0,0,0,5,0,0,0,0,0,2,0,0,0,1,0,0,0,1,1,0,5,0,0,5,0,0,0,0,4,42,0,119,4,0,0,0,0,2,0,65,6,19,1,0,0,0,0,2,0,8,0,0,0,1,0,0,0,3,0,0,2,0,0,0,0,11,0,0,0,0,0,0,0,0,0,0,0,0,0,0,0,0,0,0,0,0,1,0,0,0,2,0,0,0,121,0,0,0,0,0
2019,Puako,1,T4,0,24,0,1,0,0,0,1,0,5,0,0,0,7,0,0,0,0,0,0,0,0,1,6,1,0,1,0,0,1,0,0,0,0,0,0,0,4,0,0,0,0,0,0,0,0,0,0,99,44,0,46,3,0,0,2,0,1,2,9,1,3,4,0,4,0,0,0,0,3,0,0,0,0,0,0,0,1,0,0,0,3,0,0,0,5,0,0,0,0,0,0,0,0,0,0,0,0,0,0,0,0,0,1,3,0,0,0,0,0,1,0,1,0,95,0,0,0,1,0
2019,Puako,2,T4,0,206,0,0,0,3,0,0,2,1,0,5,0,0,0,7,1,0,0,0,0,0,0,5,15,0,1,0,0,0,0,0,0,0,0,0,0,6,0,0,2,0,0,0,0,0,0,0,0,27,0,11,6,0,0,5,0,4,7,49,0,10,3,0,0,0,1,7,0,6,2,0,0,0,0,0,0,1,0,0,4,2,0,0,1,4,0,0,0,0,0,0,0,0,0,0,0,0,0,0,0,0,0,1,0,0,0,0,0,0,0,0,0,0,78,0,0,0,3,0
2019,Puako,5,T4,0,90,0,0,0,0,2,0,2,9,0,0,0,0,0,1,0,0,0,0,0,0,0,4,0,0,0,1,0,0,0,0,0,0,0,0,0,4,0,0,0,0,0,0,0,0,0,0,0,12,0,76,1,0,0,2,0,1,7,0,1,5,1,0,0,0,2,0,0,1,0,0,0,0,0,0,0,0,0,0,0,2,0,0,0,3,0,0,0,0,0,0,0,0,0,0,0,0,0,1,0,0,0,2,0,0,0,0,0,0,1,0,0,0,25,0,0,3,4,0
